flow,month,commodity,unit,value,year
Value of Imports,2010 January,Total food and live animals (0),Euro Thousand,336700,2010
Value of Imports,2010 January,Beverages and tobacco (1),Euro Thousand,46800,2010
Value of Imports,2010 February,Total food and live animals (0),Euro Thousand,345500,2010
Value of Imports,2010 February,Beverages and tobacco (1),Euro Thousand,50600,2010
Value of Imports,2010 March,Total food and live animals (0),Euro Thousand,383900,2010
Value of Imports,2010 March,Beverages and tobacco (1),Euro Thousand,68900,2010
Value of Imports,2010 April,Total food and live animals (0),Euro Thousand,375600,2010
Value of Imports,2010 April,Beverages and tobacco (1),Euro Thousand,65300,2010
Value of Imports,2010 May,Total food and live animals (0),Euro Thousand,356700,2010
Value of Imports,2010 May,Beverages and tobacco (1),Euro Thousand,67000,2010
Value of Imports,2010 June,Total food and live animals (0),Euro Thousand,375600,2010
Value of Imports,2010 June,Beverages and tobacco (1),Euro Thousand,75800,2010
Value of Imports,2010 July,Total food and live animals (0),Euro Thousand,337200,2010
Value of Imports,2010 July,Beverages and tobacco (1),Euro Thousand,75200,2010
Value of Imports,2010 August,Total food and live animals (0),Euro Thousand,349600,2010
Value of Imports,2010 August,Beverages and tobacco (1),Euro Thousand,72700,2010
Value of Imports,2010 September,Total food and live animals (0),Euro Thousand,380800,2010
Value of Imports,2010 September,Beverages and tobacco (1),Euro Thousand,77700,2010
Value of Imports,2010 October,Total food and live animals (0),Euro Thousand,425800,2010
Value of Imports,2010 October,Beverages and tobacco (1),Euro Thousand,73900,2010
Value of Imports,2010 November,Total food and live animals (0),Euro Thousand,422800,2010
Value of Imports,2010 November,Beverages and tobacco (1),Euro Thousand,80700,2010
Value of Imports,2010 December,Total food and live animals (0),Euro Thousand,488400,2010
Value of Imports,2010 December,Beverages and tobacco (1),Euro Thousand,66900,2010
Value of Imports,2011 January,Total food and live animals (0),Euro Thousand,472900,2011
Value of Imports,2011 January,Beverages and tobacco (1),Euro Thousand,49000,2011
Value of Imports,2011 February,Total food and live animals (0),Euro Thousand,394800,2011
Value of Imports,2011 February,Beverages and tobacco (1),Euro Thousand,52400,2011
Value of Imports,2011 March,Total food and live animals (0),Euro Thousand,440600,2011
Value of Imports,2011 March,Beverages and tobacco (1),Euro Thousand,68600,2011
Value of Imports,2011 April,Total food and live animals (0),Euro Thousand,389100,2011
Value of Imports,2011 April,Beverages and tobacco (1),Euro Thousand,63400,2011
Value of Imports,2011 May,Total food and live animals (0),Euro Thousand,404900,2011
Value of Imports,2011 May,Beverages and tobacco (1),Euro Thousand,67200,2011
Value of Imports,2011 June,Total food and live animals (0),Euro Thousand,414800,2011
Value of Imports,2011 June,Beverages and tobacco (1),Euro Thousand,70500,2011
Value of Imports,2011 July,Total food and live animals (0),Euro Thousand,359000,2011
Value of Imports,2011 July,Beverages and tobacco (1),Euro Thousand,65300,2011
Value of Imports,2011 August,Total food and live animals (0),Euro Thousand,384100,2011
Value of Imports,2011 August,Beverages and tobacco (1),Euro Thousand,71200,2011
Value of Imports,2011 September,Total food and live animals (0),Euro Thousand,429600,2011
Value of Imports,2011 September,Beverages and tobacco (1),Euro Thousand,71800,2011
Value of Imports,2011 October,Total food and live animals (0),Euro Thousand,428000,2011
Value of Imports,2011 October,Beverages and tobacco (1),Euro Thousand,71100,2011
Value of Imports,2011 November,Total food and live animals (0),Euro Thousand,453800,2011
Value of Imports,2011 November,Beverages and tobacco (1),Euro Thousand,81600,2011
Value of Imports,2011 December,Total food and live animals (0),Euro Thousand,447100,2011
Value of Imports,2011 December,Beverages and tobacco (1),Euro Thousand,74000,2011
Value of Imports,2012 January,Total food and live animals (0),Euro Thousand,440000,2012
Value of Imports,2012 January,Beverages and tobacco (1),Euro Thousand,50200,2012
Value of Imports,2012 February,Total food and live animals (0),Euro Thousand,409300,2012
Value of Imports,2012 February,Beverages and tobacco (1),Euro Thousand,50500,2012
Value of Imports,2012 March,Total food and live animals (0),Euro Thousand,449500,2012
Value of Imports,2012 March,Beverages and tobacco (1),Euro Thousand,74900,2012
Value of Imports,2012 April,Total food and live animals (0),Euro Thousand,420100,2012
Value of Imports,2012 April,Beverages and tobacco (1),Euro Thousand,65900,2012
Value of Imports,2012 May,Total food and live animals (0),Euro Thousand,459800,2012
Value of Imports,2012 May,Beverages and tobacco (1),Euro Thousand,69000,2012
Value of Imports,2012 June,Total food and live animals (0),Euro Thousand,444200,2012
Value of Imports,2012 June,Beverages and tobacco (1),Euro Thousand,65700,2012
Value of Imports,2012 July,Total food and live animals (0),Euro Thousand,435000,2012
Value of Imports,2012 July,Beverages and tobacco (1),Euro Thousand,68000,2012
Value of Imports,2012 August,Total food and live animals (0),Euro Thousand,477400,2012
Value of Imports,2012 August,Beverages and tobacco (1),Euro Thousand,77200,2012
Value of Imports,2012 September,Total food and live animals (0),Euro Thousand,484700,2012
Value of Imports,2012 September,Beverages and tobacco (1),Euro Thousand,79600,2012
Value of Imports,2012 October,Total food and live animals (0),Euro Thousand,559300,2012
Value of Imports,2012 October,Beverages and tobacco (1),Euro Thousand,101300,2012
Value of Imports,2012 November,Total food and live animals (0),Euro Thousand,537700,2012
Value of Imports,2012 November,Beverages and tobacco (1),Euro Thousand,88900,2012
Value of Imports,2012 December,Total food and live animals (0),Euro Thousand,472300,2012
Value of Imports,2012 December,Beverages and tobacco (1),Euro Thousand,70400,2012
Value of Imports,2013 January,Total food and live animals (0),Euro Thousand,485300,2013
Value of Imports,2013 January,Beverages and tobacco (1),Euro Thousand,45900,2013
Value of Imports,2013 February,Total food and live animals (0),Euro Thousand,476100,2013
Value of Imports,2013 February,Beverages and tobacco (1),Euro Thousand,50000,2013
Value of Imports,2013 March,Total food and live animals (0),Euro Thousand,520400,2013
Value of Imports,2013 March,Beverages and tobacco (1),Euro Thousand,64100,2013
Value of Imports,2013 April,Total food and live animals (0),Euro Thousand,496000,2013
Value of Imports,2013 April,Beverages and tobacco (1),Euro Thousand,64400,2013
Value of Imports,2013 May,Total food and live animals (0),Euro Thousand,535900,2013
Value of Imports,2013 May,Beverages and tobacco (1),Euro Thousand,67900,2013
Value of Imports,2013 June,Total food and live animals (0),Euro Thousand,491600,2013
Value of Imports,2013 June,Beverages and tobacco (1),Euro Thousand,58700,2013
Value of Imports,2013 July,Total food and live animals (0),Euro Thousand,488500,2013
Value of Imports,2013 July,Beverages and tobacco (1),Euro Thousand,74400,2013
Value of Imports,2013 August,Total food and live animals (0),Euro Thousand,457500,2013
Value of Imports,2013 August,Beverages and tobacco (1),Euro Thousand,71000,2013
Value of Imports,2013 September,Total food and live animals (0),Euro Thousand,463800,2013
Value of Imports,2013 September,Beverages and tobacco (1),Euro Thousand,86100,2013
Value of Imports,2013 October,Total food and live animals (0),Euro Thousand,514300,2013
Value of Imports,2013 October,Beverages and tobacco (1),Euro Thousand,91300,2013
Value of Imports,2013 November,Total food and live animals (0),Euro Thousand,557600,2013
Value of Imports,2013 November,Beverages and tobacco (1),Euro Thousand,71600,2013
Value of Imports,2013 December,Total food and live animals (0),Euro Thousand,545700,2013
Value of Imports,2013 December,Beverages and tobacco (1),Euro Thousand,77400,2013
Value of Imports,2014 January,Total food and live animals (0),Euro Thousand,528300,2014
Value of Imports,2014 January,Beverages and tobacco (1),Euro Thousand,42300,2014
Value of Imports,2014 February,Total food and live animals (0),Euro Thousand,473000,2014
Value of Imports,2014 February,Beverages and tobacco (1),Euro Thousand,56300,2014
Value of Imports,2014 March,Total food and live animals (0),Euro Thousand,503700,2014
Value of Imports,2014 March,Beverages and tobacco (1),Euro Thousand,65300,2014
Value of Imports,2014 April,Total food and live animals (0),Euro Thousand,509500,2014
Value of Imports,2014 April,Beverages and tobacco (1),Euro Thousand,63100,2014
Value of Imports,2014 May,Total food and live animals (0),Euro Thousand,521200,2014
Value of Imports,2014 May,Beverages and tobacco (1),Euro Thousand,67800,2014
Value of Imports,2014 June,Total food and live animals (0),Euro Thousand,508100,2014
Value of Imports,2014 June,Beverages and tobacco (1),Euro Thousand,71700,2014
Value of Imports,2014 July,Total food and live animals (0),Euro Thousand,493000,2014
Value of Imports,2014 July,Beverages and tobacco (1),Euro Thousand,73200,2014
Value of Imports,2014 August,Total food and live animals (0),Euro Thousand,481800,2014
Value of Imports,2014 August,Beverages and tobacco (1),Euro Thousand,68500,2014
Value of Imports,2014 September,Total food and live animals (0),Euro Thousand,477000,2014
Value of Imports,2014 September,Beverages and tobacco (1),Euro Thousand,94800,2014
Value of Imports,2014 October,Total food and live animals (0),Euro Thousand,564600,2014
Value of Imports,2014 October,Beverages and tobacco (1),Euro Thousand,87700,2014
Value of Imports,2014 November,Total food and live animals (0),Euro Thousand,551900,2014
Value of Imports,2014 November,Beverages and tobacco (1),Euro Thousand,70100,2014
Value of Imports,2014 December,Total food and live animals (0),Euro Thousand,577100,2014
Value of Imports,2014 December,Beverages and tobacco (1),Euro Thousand,75700,2014
Value of Imports,2015 January,Total food and live animals (0),Euro Thousand,524700,2015
Value of Imports,2015 January,Beverages and tobacco (1),Euro Thousand,47400,2015
Value of Imports,2015 February,Total food and live animals (0),Euro Thousand,501900,2015
Value of Imports,2015 February,Beverages and tobacco (1),Euro Thousand,53200,2015
Value of Imports,2015 March,Total food and live animals (0),Euro Thousand,573700,2015
Value of Imports,2015 March,Beverages and tobacco (1),Euro Thousand,66800,2015
Value of Imports,2015 April,Total food and live animals (0),Euro Thousand,479700,2015
Value of Imports,2015 April,Beverages and tobacco (1),Euro Thousand,67300,2015
Value of Imports,2015 May,Total food and live animals (0),Euro Thousand,537200,2015
Value of Imports,2015 May,Beverages and tobacco (1),Euro Thousand,71200,2015
Value of Imports,2015 June,Total food and live animals (0),Euro Thousand,539700,2015
Value of Imports,2015 June,Beverages and tobacco (1),Euro Thousand,82500,2015
Value of Imports,2015 July,Total food and live animals (0),Euro Thousand,514600,2015
Value of Imports,2015 July,Beverages and tobacco (1),Euro Thousand,82000,2015
Value of Imports,2015 August,Total food and live animals (0),Euro Thousand,536700,2015
Value of Imports,2015 August,Beverages and tobacco (1),Euro Thousand,74900,2015
Value of Imports,2015 September,Total food and live animals (0),Euro Thousand,561700,2015
Value of Imports,2015 September,Beverages and tobacco (1),Euro Thousand,90500,2015
Value of Imports,2015 October,Total food and live animals (0),Euro Thousand,612100,2015
Value of Imports,2015 October,Beverages and tobacco (1),Euro Thousand,82900,2015
Value of Imports,2015 November,Total food and live animals (0),Euro Thousand,587900,2015
Value of Imports,2015 November,Beverages and tobacco (1),Euro Thousand,78700,2015
Value of Imports,2015 December,Total food and live animals (0),Euro Thousand,716900,2015
Value of Imports,2015 December,Beverages and tobacco (1),Euro Thousand,78800,2015
Value of Imports,2016 January,Total food and live animals (0),Euro Thousand,528294,2016
Value of Imports,2016 January,Beverages and tobacco (1),Euro Thousand,57696,2016
Value of Imports,2016 February,Total food and live animals (0),Euro Thousand,524139,2016
Value of Imports,2016 February,Beverages and tobacco (1),Euro Thousand,66357,2016
Value of Imports,2016 March,Total food and live animals (0),Euro Thousand,576714,2016
Value of Imports,2016 March,Beverages and tobacco (1),Euro Thousand,81154,2016
Value of Imports,2016 April,Total food and live animals (0),Euro Thousand,526180,2016
Value of Imports,2016 April,Beverages and tobacco (1),Euro Thousand,70517,2016
Value of Imports,2016 May,Total food and live animals (0),Euro Thousand,545720,2016
Value of Imports,2016 May,Beverages and tobacco (1),Euro Thousand,77271,2016
Value of Imports,2016 June,Total food and live animals (0),Euro Thousand,544715,2016
Value of Imports,2016 June,Beverages and tobacco (1),Euro Thousand,80327,2016
Value of Imports,2016 July,Total food and live animals (0),Euro Thousand,518752,2016
Value of Imports,2016 July,Beverages and tobacco (1),Euro Thousand,68452,2016
Value of Imports,2016 August,Total food and live animals (0),Euro Thousand,536058,2016
Value of Imports,2016 August,Beverages and tobacco (1),Euro Thousand,84646,2016
Value of Imports,2016 September,Total food and live animals (0),Euro Thousand,540863,2016
Value of Imports,2016 September,Beverages and tobacco (1),Euro Thousand,95528,2016
Value of Imports,2016 October,Total food and live animals (0),Euro Thousand,557348,2016
Value of Imports,2016 October,Beverages and tobacco (1),Euro Thousand,77592,2016
Value of Imports,2016 November,Total food and live animals (0),Euro Thousand,615648,2016
Value of Imports,2016 November,Beverages and tobacco (1),Euro Thousand,79515,2016
Value of Imports,2016 December,Total food and live animals (0),Euro Thousand,666914,2016
Value of Imports,2016 December,Beverages and tobacco (1),Euro Thousand,75299,2016
Value of Imports,2017 January,Total food and live animals (0),Euro Thousand,566894,2017
Value of Imports,2017 January,Beverages and tobacco (1),Euro Thousand,54639,2017
Value of Imports,2017 February,Total food and live animals (0),Euro Thousand,548843,2017
Value of Imports,2017 February,Beverages and tobacco (1),Euro Thousand,51936,2017
Value of Imports,2017 March,Total food and live animals (0),Euro Thousand,598748,2017
Value of Imports,2017 March,Beverages and tobacco (1),Euro Thousand,75607,2017
Value of Imports,2017 April,Total food and live animals (0),Euro Thousand,556005,2017
Value of Imports,2017 April,Beverages and tobacco (1),Euro Thousand,66600,2017
Value of Imports,2017 May,Total food and live animals (0),Euro Thousand,619993,2017
Value of Imports,2017 May,Beverages and tobacco (1),Euro Thousand,81432,2017
Value of Imports,2017 June,Total food and live animals (0),Euro Thousand,589925,2017
Value of Imports,2017 June,Beverages and tobacco (1),Euro Thousand,74226,2017
Value of Imports,2017 July,Total food and live animals (0),Euro Thousand,565942,2017
Value of Imports,2017 July,Beverages and tobacco (1),Euro Thousand,76161,2017
Value of Imports,2017 August,Total food and live animals (0),Euro Thousand,573389,2017
Value of Imports,2017 August,Beverages and tobacco (1),Euro Thousand,86254,2017
Value of Imports,2017 September,Total food and live animals (0),Euro Thousand,602165,2017
Value of Imports,2017 September,Beverages and tobacco (1),Euro Thousand,102205,2017
Value of Imports,2017 October,Total food and live animals (0),Euro Thousand,652021,2017
Value of Imports,2017 October,Beverages and tobacco (1),Euro Thousand,88402,2017
Value of Imports,2017 November,Total food and live animals (0),Euro Thousand,659095,2017
Value of Imports,2017 November,Beverages and tobacco (1),Euro Thousand,85009,2017
Value of Imports,2017 December,Total food and live animals (0),Euro Thousand,642585,2017
Value of Imports,2017 December,Beverages and tobacco (1),Euro Thousand,65291,2017
Value of Imports,2018 January,Total food and live animals (0),Euro Thousand,620664,2018
Value of Imports,2018 January,Beverages and tobacco (1),Euro Thousand,51960,2018
Value of Imports,2018 February,Total food and live animals (0),Euro Thousand,570410,2018
Value of Imports,2018 February,Beverages and tobacco (1),Euro Thousand,49388,2018
Value of Imports,2018 March,Total food and live animals (0),Euro Thousand,629312,2018
Value of Imports,2018 March,Beverages and tobacco (1),Euro Thousand,68418,2018
Value of Imports,2018 April,Total food and live animals (0),Euro Thousand,603367,2018
Value of Imports,2018 April,Beverages and tobacco (1),Euro Thousand,66047,2018
Value of Imports,2018 May,Total food and live animals (0),Euro Thousand,680783,2018
Value of Imports,2018 May,Beverages and tobacco (1),Euro Thousand,71929,2018
Value of Imports,2018 June,Total food and live animals (0),Euro Thousand,625546,2018
Value of Imports,2018 June,Beverages and tobacco (1),Euro Thousand,80069,2018
Value of Imports,2018 July,Total food and live animals (0),Euro Thousand,619795,2018
Value of Imports,2018 July,Beverages and tobacco (1),Euro Thousand,84039,2018
Value of Imports,2018 August,Total food and live animals (0),Euro Thousand,693362,2018
Value of Imports,2018 August,Beverages and tobacco (1),Euro Thousand,83719,2018
Value of Imports,2018 September,Total food and live animals (0),Euro Thousand,644349,2018
Value of Imports,2018 September,Beverages and tobacco (1),Euro Thousand,93564,2018
Value of Imports,2018 October,Total food and live animals (0),Euro Thousand,775635,2018
Value of Imports,2018 October,Beverages and tobacco (1),Euro Thousand,94015,2018
Value of Imports,2018 November,Total food and live animals (0),Euro Thousand,727814,2018
Value of Imports,2018 November,Beverages and tobacco (1),Euro Thousand,87283,2018
Value of Imports,2018 December,Total food and live animals (0),Euro Thousand,653273,2018
Value of Imports,2018 December,Beverages and tobacco (1),Euro Thousand,76834,2018
Value of Imports,2019 January,Total food and live animals (0),Euro Thousand,636011,2019
Value of Imports,2019 January,Beverages and tobacco (1),Euro Thousand,61385,2019
Value of Imports,2019 February,Total food and live animals (0),Euro Thousand,638213,2019
Value of Imports,2019 February,Beverages and tobacco (1),Euro Thousand,69692,2019
Value of Imports,2019 March,Total food and live animals (0),Euro Thousand,690032,2019
Value of Imports,2019 March,Beverages and tobacco (1),Euro Thousand,90198,2019
Value of Imports,2019 April,Total food and live animals (0),Euro Thousand,601326,2019
Value of Imports,2019 April,Beverages and tobacco (1),Euro Thousand,74416,2019
Value of Imports,2019 May,Total food and live animals (0),Euro Thousand,629452,2019
Value of Imports,2019 May,Beverages and tobacco (1),Euro Thousand,83024,2019
Value of Imports,2019 June,Total food and live animals (0),Euro Thousand,597938,2019
Value of Imports,2019 June,Beverages and tobacco (1),Euro Thousand,75210,2019
Value of Imports,2019 July,Total food and live animals (0),Euro Thousand,624708,2019
Value of Imports,2019 July,Beverages and tobacco (1),Euro Thousand,85497,2019
Value of Imports,2019 August,Total food and live animals (0),Euro Thousand,609453,2019
Value of Imports,2019 August,Beverages and tobacco (1),Euro Thousand,82332,2019
Value of Imports,2019 September,Total food and live animals (0),Euro Thousand,647152,2019
Value of Imports,2019 September,Beverages and tobacco (1),Euro Thousand,109593,2019
Value of Imports,2019 October,Total food and live animals (0),Euro Thousand,824445,2019
Value of Imports,2019 October,Beverages and tobacco (1),Euro Thousand,100409,2019
Value of Imports,2019 November,Total food and live animals (0),Euro Thousand,665021,2019
Value of Imports,2019 November,Beverages and tobacco (1),Euro Thousand,83398,2019
Value of Imports,2019 December,Total food and live animals (0),Euro Thousand,661330,2019
Value of Imports,2019 December,Beverages and tobacco (1),Euro Thousand,74791,2019
Value of Imports,2020 January,Total food and live animals (0),Euro Thousand,646167,2020
Value of Imports,2020 January,Beverages and tobacco (1),Euro Thousand,61481,2020
Value of Imports,2020 February,Total food and live animals (0),Euro Thousand,644631,2020
Value of Imports,2020 February,Beverages and tobacco (1),Euro Thousand,57504,2020
Value of Imports,2020 March,Total food and live animals (0),Euro Thousand,752627,2020
Value of Imports,2020 March,Beverages and tobacco (1),Euro Thousand,86745,2020
Value of Imports,2020 April,Total food and live animals (0),Euro Thousand,640891,2020
Value of Imports,2020 April,Beverages and tobacco (1),Euro Thousand,80158,2020
Value of Imports,2020 May,Total food and live animals (0),Euro Thousand,571618,2020
Value of Imports,2020 May,Beverages and tobacco (1),Euro Thousand,88535,2020
Value of Imports,2020 June,Total food and live animals (0),Euro Thousand,633308,2020
Value of Imports,2020 June,Beverages and tobacco (1),Euro Thousand,104654,2020
Value of Imports,2020 July,Total food and live animals (0),Euro Thousand,608537,2020
Value of Imports,2020 July,Beverages and tobacco (1),Euro Thousand,99682,2020
Value of Imports,2020 August,Total food and live animals (0),Euro Thousand,619365,2020
Value of Imports,2020 August,Beverages and tobacco (1),Euro Thousand,87676,2020
Value of Imports,2020 September,Total food and live animals (0),Euro Thousand,643879,2020
Value of Imports,2020 September,Beverages and tobacco (1),Euro Thousand,114454,2020
Value of Imports,2020 October,Total food and live animals (0),Euro Thousand,650587,2020
Value of Imports,2020 October,Beverages and tobacco (1),Euro Thousand,102896,2020
Value of Imports,2020 November,Total food and live animals (0),Euro Thousand,769021,2020
Value of Imports,2020 November,Beverages and tobacco (1),Euro Thousand,99468,2020
Value of Imports,2020 December,Total food and live animals (0),Euro Thousand,799889,2020
Value of Imports,2020 December,Beverages and tobacco (1),Euro Thousand,100940,2020
Value of Imports,2021 January,Total food and live animals (0),Euro Thousand,446069,2021
Value of Imports,2021 January,Beverages and tobacco (1),Euro Thousand,50280,2021
Value of Imports,2021 February,Total food and live animals (0),Euro Thousand,531922,2021
Value of Imports,2021 February,Beverages and tobacco (1),Euro Thousand,49798,2021
Value of Imports,2021 March,Total food and live animals (0),Euro Thousand,684837,2021
Value of Imports,2021 March,Beverages and tobacco (1),Euro Thousand,86007,2021
Value of Imports,2021 April,Total food and live animals (0),Euro Thousand,608315,2021
Value of Imports,2021 April,Beverages and tobacco (1),Euro Thousand,85580,2021
Value of Imports,2021 May,Total food and live animals (0),Euro Thousand,615365,2021
Value of Imports,2021 May,Beverages and tobacco (1),Euro Thousand,85315,2021
Value of Imports,2021 June,Total food and live animals (0),Euro Thousand,597067,2021
Value of Imports,2021 June,Beverages and tobacco (1),Euro Thousand,96859,2021
Value of Imports,2021 July,Total food and live animals (0),Euro Thousand,581641,2021
Value of Imports,2021 July,Beverages and tobacco (1),Euro Thousand,97454,2021
Value of Imports,2021 August,Total food and live animals (0),Euro Thousand,621232,2021
Value of Imports,2021 August,Beverages and tobacco (1),Euro Thousand,95685,2021
Value of Imports,2021 September,Total food and live animals (0),Euro Thousand,624515,2021
Value of Imports,2021 September,Beverages and tobacco (1),Euro Thousand,97319,2021
Value of Imports,2021 October,Total food and live animals (0),Euro Thousand,663927,2021
Value of Imports,2021 October,Beverages and tobacco (1),Euro Thousand,91275,2021
Value of Imports,2021 November,Total food and live animals (0),Euro Thousand,772399,2021
Value of Imports,2021 November,Beverages and tobacco (1),Euro Thousand,103784,2021
Value of Imports,2021 December,Total food and live animals (0),Euro Thousand,758055,2021
Value of Imports,2021 December,Beverages and tobacco (1),Euro Thousand,85616,2021
Value of Imports,2022 January,Total food and live animals (0),Euro Thousand,756451,2022
Value of Imports,2022 January,Beverages and tobacco (1),Euro Thousand,68027,2022
Value of Imports,2022 February,Total food and live animals (0),Euro Thousand,628857,2022
Value of Imports,2022 February,Beverages and tobacco (1),Euro Thousand,73971,2022
Value of Imports,2022 March,Total food and live animals (0),Euro Thousand,761198,2022
Value of Imports,2022 March,Beverages and tobacco (1),Euro Thousand,92809,2022
Value of Imports,2022 April,Total food and live animals (0),Euro Thousand,720827,2022
Value of Imports,2022 April,Beverages and tobacco (1),Euro Thousand,85792,2022
Value of Imports,2022 May,Total food and live animals (0),Euro Thousand,821523,2022
Value of Imports,2022 May,Beverages and tobacco (1),Euro Thousand,103275,2022
Value of Imports,2022 June,Total food and live animals (0),Euro Thousand,798845,2022
Value of Imports,2022 June,Beverages and tobacco (1),Euro Thousand,103359,2022
Value of Imports,2022 July,Total food and live animals (0),Euro Thousand,800694,2022
Value of Imports,2022 July,Beverages and tobacco (1),Euro Thousand,103122,2022
Value of Imports,2022 August,Total food and live animals (0),Euro Thousand,749455,2022
Value of Imports,2022 August,Beverages and tobacco (1),Euro Thousand,114891,2022
Value of Imports,2022 September,Total food and live animals (0),Euro Thousand,829622,2022
Value of Imports,2022 September,Beverages and tobacco (1),Euro Thousand,126844,2022
Value of Imports,2022 October,Total food and live animals (0),Euro Thousand,935038,2022
Value of Imports,2022 October,Beverages and tobacco (1),Euro Thousand,103233,2022
Value of Imports,2022 November,Total food and live animals (0),Euro Thousand,897722,2022
Value of Imports,2022 November,Beverages and tobacco (1),Euro Thousand,109619,2022
Value of Imports,2022 December,Total food and live animals (0),Euro Thousand,843674,2022
Value of Imports,2022 December,Beverages and tobacco (1),Euro Thousand,92870,2022
Value of Imports,2023 January,Total food and live animals (0),Euro Thousand,868548,2023
Value of Imports,2023 January,Beverages and tobacco (1),Euro Thousand,83572,2023
Value of Imports,2023 February,Total food and live animals (0),Euro Thousand,786983,2023
Value of Imports,2023 February,Beverages and tobacco (1),Euro Thousand,88827,2023
Value of Imports,2023 March,Total food and live animals (0),Euro Thousand,845746,2023
Value of Imports,2023 March,Beverages and tobacco (1),Euro Thousand,100557,2023
Value of Imports,2023 April,Total food and live animals (0),Euro Thousand,768522,2023
Value of Imports,2023 April,Beverages and tobacco (1),Euro Thousand,98893,2023
Value of Imports,2023 May,Total food and live animals (0),Euro Thousand,872400,2023
Value of Imports,2023 May,Beverages and tobacco (1),Euro Thousand,116562,2023
Value of Imports,2023 June,Total food and live animals (0),Euro Thousand,869993,2023
Value of Imports,2023 June,Beverages and tobacco (1),Euro Thousand,118845,2023
Value of Imports,2023 July,Total food and live animals (0),Euro Thousand,770767,2023
Value of Imports,2023 July,Beverages and tobacco (1),Euro Thousand,113312,2023
Value of Imports,2023 August,Total food and live animals (0),Euro Thousand,831445,2023
Value of Imports,2023 August,Beverages and tobacco (1),Euro Thousand,126161,2023
Value of Imports,2023 September,Total food and live animals (0),Euro Thousand,829201,2023
Value of Imports,2023 September,Beverages and tobacco (1),Euro Thousand,134701,2023
Value of Imports,2023 October,Total food and live animals (0),Euro Thousand,926384,2023
Value of Imports,2023 October,Beverages and tobacco (1),Euro Thousand,119753,2023
Value of Imports,2023 November,Total food and live animals (0),Euro Thousand,872447,2023
Value of Imports,2023 November,Beverages and tobacco (1),Euro Thousand,130357,2023
Value of Imports,2023 December,Total food and live animals (0),Euro Thousand,852018,2023
Value of Imports,2023 December,Beverages and tobacco (1),Euro Thousand,98992,2023
Value of Imports,2024 January,Total food and live animals (0),Euro Thousand,800372,2024
Value of Imports,2024 January,Beverages and tobacco (1),Euro Thousand,93076,2024
Value of Imports,2024 February,Total food and live animals (0),Euro Thousand,838260,2024
Value of Imports,2024 February,Beverages and tobacco (1),Euro Thousand,89954,2024
Value of Imports,2024 March,Total food and live animals (0),Euro Thousand,863436,2024
Value of Imports,2024 March,Beverages and tobacco (1),Euro Thousand,99228,2024
Value of Imports,2024 April,Total food and live animals (0),Euro Thousand,845854,2024
Value of Imports,2024 April,Beverages and tobacco (1),Euro Thousand,115031,2024
Value of Imports,2024 May,Total food and live animals (0),Euro Thousand,867586,2024
Value of Imports,2024 May,Beverages and tobacco (1),Euro Thousand,124320,2024
Value of Imports,2024 June,Total food and live animals (0),Euro Thousand,828489,2024
Value of Imports,2024 June,Beverages and tobacco (1),Euro Thousand,137301,2024
Value of Imports,2024 July,Total food and live animals (0),Euro Thousand,920444,2024
Value of Imports,2024 July,Beverages and tobacco (1),Euro Thousand,147655,2024
Value of Imports,2024 August,Total food and live animals (0),Euro Thousand,890803,2024
Value of Imports,2024 August,Beverages and tobacco (1),Euro Thousand,154665,2024
Value of Imports,2024 September,Total food and live animals (0),Euro Thousand,893138,2024
Value of Imports,2024 September,Beverages and tobacco (1),Euro Thousand,144630,2024
Value of Imports,2024 October,Total food and live animals (0),Euro Thousand,1066641,2024
Value of Imports,2024 October,Beverages and tobacco (1),Euro Thousand,140517,2024
Value of Imports,2024 November,Total food and live animals (0),Euro Thousand,928709,2024
Value of Imports,2024 November,Beverages and tobacco (1),Euro Thousand,136759,2024
Value of Imports,2024 December,Total food and live animals (0),Euro Thousand,878826,2024
Value of Imports,2024 December,Beverages and tobacco (1),Euro Thousand,123671,2024
Value of Imports,2025 January,Total food and live animals (0),Euro Thousand,899404,2025
Value of Imports,2025 January,Beverages and tobacco (1),Euro Thousand,93323,2025
Value of Imports,2025 February,Total food and live animals (0),Euro Thousand,846070,2025
Value of Imports,2025 February,Beverages and tobacco (1),Euro Thousand,100415,2025
Value of Imports,2025 March,Total food and live animals (0),Euro Thousand,941767,2025
Value of Imports,2025 March,Beverages and tobacco (1),Euro Thousand,127128,2025
Value of Imports,2025 April,Total food and live animals (0),Euro Thousand,928569,2025
Value of Imports,2025 April,Beverages and tobacco (1),Euro Thousand,130020,2025
Value of Imports,2025 May,Total food and live animals (0),Euro Thousand,963785,2025
Value of Imports,2025 May,Beverages and tobacco (1),Euro Thousand,139687,2025
Value of Imports,2025 June,Total food and live animals (0),Euro Thousand,896333,2025
Value of Imports,2025 June,Beverages and tobacco (1),Euro Thousand,131284,2025
Value of Imports,2025 July,Total food and live animals (0),Euro Thousand,964540,2025
Value of Imports,2025 July,Beverages and tobacco (1),Euro Thousand,143459,2025
Value of Imports,2025 August,Total food and live animals (0),Euro Thousand,924625,2025
Value of Imports,2025 August,Beverages and tobacco (1),Euro Thousand,142409,2025
Value of Imports,2025 September,Total food and live animals (0),Euro Thousand,1048170,2025
Value of Imports,2025 September,Beverages and tobacco (1),Euro Thousand,157853,2025
Value of Imports,2025 October,Total food and live animals (0),Euro Thousand,1046125,2025
Value of Imports,2025 October,Beverages and tobacco (1),Euro Thousand,145659,2025
Value of Imports,2025 November,Total food and live animals (0),Euro Thousand,996023,2025
Value of Imports,2025 November,Beverages and tobacco (1),Euro Thousand,131697,2025
Value of Imports,2025 December,Total food and live animals (0),Euro Thousand,921717,2025
Value of Imports,2025 December,Beverages and tobacco (1),Euro Thousand,121737,2025
Value of Imports,2026 January,Total food and live animals (0),Euro Thousand,841635,2026
Value of Imports,2026 January,Beverages and tobacco (1),Euro Thousand,117403,2026
Value of Imports,2026 February,Total food and live animals (0),Euro Thousand,814477,2026
Value of Imports,2026 February,Beverages and tobacco (1),Euro Thousand,112661,2026
Value of Exports,2010 January,Total food and live animals (0),Euro Thousand,462600,2010
Value of Exports,2010 January,Beverages and tobacco (1),Euro Thousand,69100,2010
Value of Exports,2010 February,Total food and live animals (0),Euro Thousand,501000,2010
Value of Exports,2010 February,Beverages and tobacco (1),Euro Thousand,81900,2010
Value of Exports,2010 March,Total food and live animals (0),Euro Thousand,574900,2010
Value of Exports,2010 March,Beverages and tobacco (1),Euro Thousand,98600,2010
Value of Exports,2010 April,Total food and live animals (0),Euro Thousand,541600,2010
Value of Exports,2010 April,Beverages and tobacco (1),Euro Thousand,94600,2010
Value of Exports,2010 May,Total food and live animals (0),Euro Thousand,572400,2010
Value of Exports,2010 May,Beverages and tobacco (1),Euro Thousand,86600,2010
Value of Exports,2010 June,Total food and live animals (0),Euro Thousand,614800,2010
Value of Exports,2010 June,Beverages and tobacco (1),Euro Thousand,92600,2010
Value of Exports,2010 July,Total food and live animals (0),Euro Thousand,588000,2010
Value of Exports,2010 July,Beverages and tobacco (1),Euro Thousand,119900,2010
Value of Exports,2010 August,Total food and live animals (0),Euro Thousand,572400,2010
Value of Exports,2010 August,Beverages and tobacco (1),Euro Thousand,113900,2010
Value of Exports,2010 September,Total food and live animals (0),Euro Thousand,645200,2010
Value of Exports,2010 September,Beverages and tobacco (1),Euro Thousand,121100,2010
Value of Exports,2010 October,Total food and live animals (0),Euro Thousand,589000,2010
Value of Exports,2010 October,Beverages and tobacco (1),Euro Thousand,124700,2010
Value of Exports,2010 November,Total food and live animals (0),Euro Thousand,695900,2010
Value of Exports,2010 November,Beverages and tobacco (1),Euro Thousand,115100,2010
Value of Exports,2010 December,Total food and live animals (0),Euro Thousand,644400,2010
Value of Exports,2010 December,Beverages and tobacco (1),Euro Thousand,86200,2010
Value of Exports,2011 January,Total food and live animals (0),Euro Thousand,546700,2011
Value of Exports,2011 January,Beverages and tobacco (1),Euro Thousand,82500,2011
Value of Exports,2011 February,Total food and live animals (0),Euro Thousand,589400,2011
Value of Exports,2011 February,Beverages and tobacco (1),Euro Thousand,87700,2011
Value of Exports,2011 March,Total food and live animals (0),Euro Thousand,672600,2011
Value of Exports,2011 March,Beverages and tobacco (1),Euro Thousand,87300,2011
Value of Exports,2011 April,Total food and live animals (0),Euro Thousand,663400,2011
Value of Exports,2011 April,Beverages and tobacco (1),Euro Thousand,86200,2011
Value of Exports,2011 May,Total food and live animals (0),Euro Thousand,691200,2011
Value of Exports,2011 May,Beverages and tobacco (1),Euro Thousand,86100,2011
Value of Exports,2011 June,Total food and live animals (0),Euro Thousand,664800,2011
Value of Exports,2011 June,Beverages and tobacco (1),Euro Thousand,81600,2011
Value of Exports,2011 July,Total food and live animals (0),Euro Thousand,655800,2011
Value of Exports,2011 July,Beverages and tobacco (1),Euro Thousand,98200,2011
Value of Exports,2011 August,Total food and live animals (0),Euro Thousand,606700,2011
Value of Exports,2011 August,Beverages and tobacco (1),Euro Thousand,111600,2011
Value of Exports,2011 September,Total food and live animals (0),Euro Thousand,695700,2011
Value of Exports,2011 September,Beverages and tobacco (1),Euro Thousand,126900,2011
Value of Exports,2011 October,Total food and live animals (0),Euro Thousand,668200,2011
Value of Exports,2011 October,Beverages and tobacco (1),Euro Thousand,112600,2011
Value of Exports,2011 November,Total food and live animals (0),Euro Thousand,730000,2011
Value of Exports,2011 November,Beverages and tobacco (1),Euro Thousand,125500,2011
Value of Exports,2011 December,Total food and live animals (0),Euro Thousand,689500,2011
Value of Exports,2011 December,Beverages and tobacco (1),Euro Thousand,91500,2011
Value of Exports,2012 January,Total food and live animals (0),Euro Thousand,556900,2012
Value of Exports,2012 January,Beverages and tobacco (1),Euro Thousand,85700,2012
Value of Exports,2012 February,Total food and live animals (0),Euro Thousand,624700,2012
Value of Exports,2012 February,Beverages and tobacco (1),Euro Thousand,85000,2012
Value of Exports,2012 March,Total food and live animals (0),Euro Thousand,712600,2012
Value of Exports,2012 March,Beverages and tobacco (1),Euro Thousand,87400,2012
Value of Exports,2012 April,Total food and live animals (0),Euro Thousand,601700,2012
Value of Exports,2012 April,Beverages and tobacco (1),Euro Thousand,77600,2012
Value of Exports,2012 May,Total food and live animals (0),Euro Thousand,669900,2012
Value of Exports,2012 May,Beverages and tobacco (1),Euro Thousand,85000,2012
Value of Exports,2012 June,Total food and live animals (0),Euro Thousand,680900,2012
Value of Exports,2012 June,Beverages and tobacco (1),Euro Thousand,84300,2012
Value of Exports,2012 July,Total food and live animals (0),Euro Thousand,666300,2012
Value of Exports,2012 July,Beverages and tobacco (1),Euro Thousand,104300,2012
Value of Exports,2012 August,Total food and live animals (0),Euro Thousand,686100,2012
Value of Exports,2012 August,Beverages and tobacco (1),Euro Thousand,116500,2012
Value of Exports,2012 September,Total food and live animals (0),Euro Thousand,726100,2012
Value of Exports,2012 September,Beverages and tobacco (1),Euro Thousand,130100,2012
Value of Exports,2012 October,Total food and live animals (0),Euro Thousand,737900,2012
Value of Exports,2012 October,Beverages and tobacco (1),Euro Thousand,136100,2012
Value of Exports,2012 November,Total food and live animals (0),Euro Thousand,763700,2012
Value of Exports,2012 November,Beverages and tobacco (1),Euro Thousand,128800,2012
Value of Exports,2012 December,Total food and live animals (0),Euro Thousand,705600,2012
Value of Exports,2012 December,Beverages and tobacco (1),Euro Thousand,87900,2012
Value of Exports,2013 January,Total food and live animals (0),Euro Thousand,637500,2013
Value of Exports,2013 January,Beverages and tobacco (1),Euro Thousand,89100,2013
Value of Exports,2013 February,Total food and live animals (0),Euro Thousand,617800,2013
Value of Exports,2013 February,Beverages and tobacco (1),Euro Thousand,83700,2013
Value of Exports,2013 March,Total food and live animals (0),Euro Thousand,683700,2013
Value of Exports,2013 March,Beverages and tobacco (1),Euro Thousand,86900,2013
Value of Exports,2013 April,Total food and live animals (0),Euro Thousand,681600,2013
Value of Exports,2013 April,Beverages and tobacco (1),Euro Thousand,84300,2013
Value of Exports,2013 May,Total food and live animals (0),Euro Thousand,761000,2013
Value of Exports,2013 May,Beverages and tobacco (1),Euro Thousand,90800,2013
Value of Exports,2013 June,Total food and live animals (0),Euro Thousand,751100,2013
Value of Exports,2013 June,Beverages and tobacco (1),Euro Thousand,80400,2013
Value of Exports,2013 July,Total food and live animals (0),Euro Thousand,769700,2013
Value of Exports,2013 July,Beverages and tobacco (1),Euro Thousand,99900,2013
Value of Exports,2013 August,Total food and live animals (0),Euro Thousand,709300,2013
Value of Exports,2013 August,Beverages and tobacco (1),Euro Thousand,100200,2013
Value of Exports,2013 September,Total food and live animals (0),Euro Thousand,771100,2013
Value of Exports,2013 September,Beverages and tobacco (1),Euro Thousand,125800,2013
Value of Exports,2013 October,Total food and live animals (0),Euro Thousand,767000,2013
Value of Exports,2013 October,Beverages and tobacco (1),Euro Thousand,124600,2013
Value of Exports,2013 November,Total food and live animals (0),Euro Thousand,775700,2013
Value of Exports,2013 November,Beverages and tobacco (1),Euro Thousand,116100,2013
Value of Exports,2013 December,Total food and live animals (0),Euro Thousand,808200,2013
Value of Exports,2013 December,Beverages and tobacco (1),Euro Thousand,92300,2013
Value of Exports,2014 January,Total food and live animals (0),Euro Thousand,682000,2014
Value of Exports,2014 January,Beverages and tobacco (1),Euro Thousand,77600,2014
Value of Exports,2014 February,Total food and live animals (0),Euro Thousand,713600,2014
Value of Exports,2014 February,Beverages and tobacco (1),Euro Thousand,78200,2014
Value of Exports,2014 March,Total food and live animals (0),Euro Thousand,759000,2014
Value of Exports,2014 March,Beverages and tobacco (1),Euro Thousand,83100,2014
Value of Exports,2014 April,Total food and live animals (0),Euro Thousand,792600,2014
Value of Exports,2014 April,Beverages and tobacco (1),Euro Thousand,80700,2014
Value of Exports,2014 May,Total food and live animals (0),Euro Thousand,827900,2014
Value of Exports,2014 May,Beverages and tobacco (1),Euro Thousand,82600,2014
Value of Exports,2014 June,Total food and live animals (0),Euro Thousand,812100,2014
Value of Exports,2014 June,Beverages and tobacco (1),Euro Thousand,80200,2014
Value of Exports,2014 July,Total food and live animals (0),Euro Thousand,776900,2014
Value of Exports,2014 July,Beverages and tobacco (1),Euro Thousand,101900,2014
Value of Exports,2014 August,Total food and live animals (0),Euro Thousand,724600,2014
Value of Exports,2014 August,Beverages and tobacco (1),Euro Thousand,95700,2014
Value of Exports,2014 September,Total food and live animals (0),Euro Thousand,827000,2014
Value of Exports,2014 September,Beverages and tobacco (1),Euro Thousand,137700,2014
Value of Exports,2014 October,Total food and live animals (0),Euro Thousand,796900,2014
Value of Exports,2014 October,Beverages and tobacco (1),Euro Thousand,116500,2014
Value of Exports,2014 November,Total food and live animals (0),Euro Thousand,808200,2014
Value of Exports,2014 November,Beverages and tobacco (1),Euro Thousand,108200,2014
Value of Exports,2014 December,Total food and live animals (0),Euro Thousand,829500,2014
Value of Exports,2014 December,Beverages and tobacco (1),Euro Thousand,104400,2014
Value of Exports,2015 January,Total food and live animals (0),Euro Thousand,653300,2015
Value of Exports,2015 January,Beverages and tobacco (1),Euro Thousand,79700,2015
Value of Exports,2015 February,Total food and live animals (0),Euro Thousand,742800,2015
Value of Exports,2015 February,Beverages and tobacco (1),Euro Thousand,101900,2015
Value of Exports,2015 March,Total food and live animals (0),Euro Thousand,851900,2015
Value of Exports,2015 March,Beverages and tobacco (1),Euro Thousand,93100,2015
Value of Exports,2015 April,Total food and live animals (0),Euro Thousand,790200,2015
Value of Exports,2015 April,Beverages and tobacco (1),Euro Thousand,91600,2015
Value of Exports,2015 May,Total food and live animals (0),Euro Thousand,851300,2015
Value of Exports,2015 May,Beverages and tobacco (1),Euro Thousand,93700,2015
Value of Exports,2015 June,Total food and live animals (0),Euro Thousand,865800,2015
Value of Exports,2015 June,Beverages and tobacco (1),Euro Thousand,91100,2015
Value of Exports,2015 July,Total food and live animals (0),Euro Thousand,805000,2015
Value of Exports,2015 July,Beverages and tobacco (1),Euro Thousand,116700,2015
Value of Exports,2015 August,Total food and live animals (0),Euro Thousand,754200,2015
Value of Exports,2015 August,Beverages and tobacco (1),Euro Thousand,122900,2015
Value of Exports,2015 September,Total food and live animals (0),Euro Thousand,848700,2015
Value of Exports,2015 September,Beverages and tobacco (1),Euro Thousand,137400,2015
Value of Exports,2015 October,Total food and live animals (0),Euro Thousand,875500,2015
Value of Exports,2015 October,Beverages and tobacco (1),Euro Thousand,127200,2015
Value of Exports,2015 November,Total food and live animals (0),Euro Thousand,893400,2015
Value of Exports,2015 November,Beverages and tobacco (1),Euro Thousand,114900,2015
Value of Exports,2015 December,Total food and live animals (0),Euro Thousand,945700,2015
Value of Exports,2015 December,Beverages and tobacco (1),Euro Thousand,117300,2015
Value of Exports,2016 January,Total food and live animals (0),Euro Thousand,720224,2016
Value of Exports,2016 January,Beverages and tobacco (1),Euro Thousand,100975,2016
Value of Exports,2016 February,Total food and live animals (0),Euro Thousand,768421,2016
Value of Exports,2016 February,Beverages and tobacco (1),Euro Thousand,102260,2016
Value of Exports,2016 March,Total food and live animals (0),Euro Thousand,875367,2016
Value of Exports,2016 March,Beverages and tobacco (1),Euro Thousand,99396,2016
Value of Exports,2016 April,Total food and live animals (0),Euro Thousand,836124,2016
Value of Exports,2016 April,Beverages and tobacco (1),Euro Thousand,100102,2016
Value of Exports,2016 May,Total food and live animals (0),Euro Thousand,779199,2016
Value of Exports,2016 May,Beverages and tobacco (1),Euro Thousand,92923,2016
Value of Exports,2016 June,Total food and live animals (0),Euro Thousand,846419,2016
Value of Exports,2016 June,Beverages and tobacco (1),Euro Thousand,85680,2016
Value of Exports,2016 July,Total food and live animals (0),Euro Thousand,760062,2016
Value of Exports,2016 July,Beverages and tobacco (1),Euro Thousand,110706,2016
Value of Exports,2016 August,Total food and live animals (0),Euro Thousand,785632,2016
Value of Exports,2016 August,Beverages and tobacco (1),Euro Thousand,131993,2016
Value of Exports,2016 September,Total food and live animals (0),Euro Thousand,953698,2016
Value of Exports,2016 September,Beverages and tobacco (1),Euro Thousand,142410,2016
Value of Exports,2016 October,Total food and live animals (0),Euro Thousand,848597,2016
Value of Exports,2016 October,Beverages and tobacco (1),Euro Thousand,134831,2016
Value of Exports,2016 November,Total food and live animals (0),Euro Thousand,955484,2016
Value of Exports,2016 November,Beverages and tobacco (1),Euro Thousand,128896,2016
Value of Exports,2016 December,Total food and live animals (0),Euro Thousand,967176,2016
Value of Exports,2016 December,Beverages and tobacco (1),Euro Thousand,103298,2016
Value of Exports,2017 January,Total food and live animals (0),Euro Thousand,788305,2017
Value of Exports,2017 January,Beverages and tobacco (1),Euro Thousand,111986,2017
Value of Exports,2017 February,Total food and live animals (0),Euro Thousand,802951,2017
Value of Exports,2017 February,Beverages and tobacco (1),Euro Thousand,99232,2017
Value of Exports,2017 March,Total food and live animals (0),Euro Thousand,983200,2017
Value of Exports,2017 March,Beverages and tobacco (1),Euro Thousand,104452,2017
Value of Exports,2017 April,Total food and live animals (0),Euro Thousand,884735,2017
Value of Exports,2017 April,Beverages and tobacco (1),Euro Thousand,95181,2017
Value of Exports,2017 May,Total food and live animals (0),Euro Thousand,983812,2017
Value of Exports,2017 May,Beverages and tobacco (1),Euro Thousand,110572,2017
Value of Exports,2017 June,Total food and live animals (0),Euro Thousand,1075990,2017
Value of Exports,2017 June,Beverages and tobacco (1),Euro Thousand,76919,2017
Value of Exports,2017 July,Total food and live animals (0),Euro Thousand,956533,2017
Value of Exports,2017 July,Beverages and tobacco (1),Euro Thousand,121422,2017
Value of Exports,2017 August,Total food and live animals (0),Euro Thousand,924298,2017
Value of Exports,2017 August,Beverages and tobacco (1),Euro Thousand,129707,2017
Value of Exports,2017 September,Total food and live animals (0),Euro Thousand,1023292,2017
Value of Exports,2017 September,Beverages and tobacco (1),Euro Thousand,130982,2017
Value of Exports,2017 October,Total food and live animals (0),Euro Thousand,943011,2017
Value of Exports,2017 October,Beverages and tobacco (1),Euro Thousand,135146,2017
Value of Exports,2017 November,Total food and live animals (0),Euro Thousand,1041995,2017
Value of Exports,2017 November,Beverages and tobacco (1),Euro Thousand,133904,2017
Value of Exports,2017 December,Total food and live animals (0),Euro Thousand,966455,2017
Value of Exports,2017 December,Beverages and tobacco (1),Euro Thousand,114790,2017
Value of Exports,2018 January,Total food and live animals (0),Euro Thousand,812114,2018
Value of Exports,2018 January,Beverages and tobacco (1),Euro Thousand,111179,2018
Value of Exports,2018 February,Total food and live animals (0),Euro Thousand,831486,2018
Value of Exports,2018 February,Beverages and tobacco (1),Euro Thousand,93340,2018
Value of Exports,2018 March,Total food and live animals (0),Euro Thousand,955569,2018
Value of Exports,2018 March,Beverages and tobacco (1),Euro Thousand,103290,2018
Value of Exports,2018 April,Total food and live animals (0),Euro Thousand,885655,2018
Value of Exports,2018 April,Beverages and tobacco (1),Euro Thousand,90840,2018
Value of Exports,2018 May,Total food and live animals (0),Euro Thousand,973081,2018
Value of Exports,2018 May,Beverages and tobacco (1),Euro Thousand,103227,2018
Value of Exports,2018 June,Total food and live animals (0),Euro Thousand,1025891,2018
Value of Exports,2018 June,Beverages and tobacco (1),Euro Thousand,98053,2018
Value of Exports,2018 July,Total food and live animals (0),Euro Thousand,928219,2018
Value of Exports,2018 July,Beverages and tobacco (1),Euro Thousand,122261,2018
Value of Exports,2018 August,Total food and live animals (0),Euro Thousand,887520,2018
Value of Exports,2018 August,Beverages and tobacco (1),Euro Thousand,151912,2018
Value of Exports,2018 September,Total food and live animals (0),Euro Thousand,926072,2018
Value of Exports,2018 September,Beverages and tobacco (1),Euro Thousand,141979,2018
Value of Exports,2018 October,Total food and live animals (0),Euro Thousand,945304,2018
Value of Exports,2018 October,Beverages and tobacco (1),Euro Thousand,145078,2018
Value of Exports,2018 November,Total food and live animals (0),Euro Thousand,1031797,2018
Value of Exports,2018 November,Beverages and tobacco (1),Euro Thousand,143992,2018
Value of Exports,2018 December,Total food and live animals (0),Euro Thousand,974853,2018
Value of Exports,2018 December,Beverages and tobacco (1),Euro Thousand,139152,2018
Value of Exports,2019 January,Total food and live animals (0),Euro Thousand,854918,2019
Value of Exports,2019 January,Beverages and tobacco (1),Euro Thousand,129243,2019
Value of Exports,2019 February,Total food and live animals (0),Euro Thousand,865763,2019
Value of Exports,2019 February,Beverages and tobacco (1),Euro Thousand,128366,2019
Value of Exports,2019 March,Total food and live animals (0),Euro Thousand,987657,2019
Value of Exports,2019 March,Beverages and tobacco (1),Euro Thousand,130253,2019
Value of Exports,2019 April,Total food and live animals (0),Euro Thousand,959282,2019
Value of Exports,2019 April,Beverages and tobacco (1),Euro Thousand,123045,2019
Value of Exports,2019 May,Total food and live animals (0),Euro Thousand,1023431,2019
Value of Exports,2019 May,Beverages and tobacco (1),Euro Thousand,116021,2019
Value of Exports,2019 June,Total food and live animals (0),Euro Thousand,1014281,2019
Value of Exports,2019 June,Beverages and tobacco (1),Euro Thousand,101018,2019
Value of Exports,2019 July,Total food and live animals (0),Euro Thousand,1006042,2019
Value of Exports,2019 July,Beverages and tobacco (1),Euro Thousand,168574,2019
Value of Exports,2019 August,Total food and live animals (0),Euro Thousand,999669,2019
Value of Exports,2019 August,Beverages and tobacco (1),Euro Thousand,161695,2019
Value of Exports,2019 September,Total food and live animals (0),Euro Thousand,957964,2019
Value of Exports,2019 September,Beverages and tobacco (1),Euro Thousand,161837,2019
Value of Exports,2019 October,Total food and live animals (0),Euro Thousand,1141700,2019
Value of Exports,2019 October,Beverages and tobacco (1),Euro Thousand,157561,2019
Value of Exports,2019 November,Total food and live animals (0),Euro Thousand,998024,2019
Value of Exports,2019 November,Beverages and tobacco (1),Euro Thousand,169675,2019
Value of Exports,2019 December,Total food and live animals (0),Euro Thousand,962178,2019
Value of Exports,2019 December,Beverages and tobacco (1),Euro Thousand,167814,2019
Value of Exports,2020 January,Total food and live animals (0),Euro Thousand,882713,2020
Value of Exports,2020 January,Beverages and tobacco (1),Euro Thousand,144478,2020
Value of Exports,2020 February,Total food and live animals (0),Euro Thousand,864271,2020
Value of Exports,2020 February,Beverages and tobacco (1),Euro Thousand,118970,2020
Value of Exports,2020 March,Total food and live animals (0),Euro Thousand,1022330,2020
Value of Exports,2020 March,Beverages and tobacco (1),Euro Thousand,100385,2020
Value of Exports,2020 April,Total food and live animals (0),Euro Thousand,936185,2020
Value of Exports,2020 April,Beverages and tobacco (1),Euro Thousand,73381,2020
Value of Exports,2020 May,Total food and live animals (0),Euro Thousand,940553,2020
Value of Exports,2020 May,Beverages and tobacco (1),Euro Thousand,73335,2020
Value of Exports,2020 June,Total food and live animals (0),Euro Thousand,1075458,2020
Value of Exports,2020 June,Beverages and tobacco (1),Euro Thousand,91658,2020
Value of Exports,2020 July,Total food and live animals (0),Euro Thousand,1012839,2020
Value of Exports,2020 July,Beverages and tobacco (1),Euro Thousand,151334,2020
Value of Exports,2020 August,Total food and live animals (0),Euro Thousand,874580,2020
Value of Exports,2020 August,Beverages and tobacco (1),Euro Thousand,119404,2020
Value of Exports,2020 September,Total food and live animals (0),Euro Thousand,1027832,2020
Value of Exports,2020 September,Beverages and tobacco (1),Euro Thousand,153108,2020
Value of Exports,2020 October,Total food and live animals (0),Euro Thousand,965971,2020
Value of Exports,2020 October,Beverages and tobacco (1),Euro Thousand,152562,2020
Value of Exports,2020 November,Total food and live animals (0),Euro Thousand,987531,2020
Value of Exports,2020 November,Beverages and tobacco (1),Euro Thousand,145003,2020
Value of Exports,2020 December,Total food and live animals (0),Euro Thousand,1075625,2020
Value of Exports,2020 December,Beverages and tobacco (1),Euro Thousand,134185,2020
Value of Exports,2021 January,Total food and live animals (0),Euro Thousand,717896,2021
Value of Exports,2021 January,Beverages and tobacco (1),Euro Thousand,102139,2021
Value of Exports,2021 February,Total food and live animals (0),Euro Thousand,791782,2021
Value of Exports,2021 February,Beverages and tobacco (1),Euro Thousand,119138,2021
Value of Exports,2021 March,Total food and live animals (0),Euro Thousand,973865,2021
Value of Exports,2021 March,Beverages and tobacco (1),Euro Thousand,122691,2021
Value of Exports,2021 April,Total food and live animals (0),Euro Thousand,968396,2021
Value of Exports,2021 April,Beverages and tobacco (1),Euro Thousand,135363,2021
Value of Exports,2021 May,Total food and live animals (0),Euro Thousand,1020921,2021
Value of Exports,2021 May,Beverages and tobacco (1),Euro Thousand,145224,2021
Value of Exports,2021 June,Total food and live animals (0),Euro Thousand,1148074,2021
Value of Exports,2021 June,Beverages and tobacco (1),Euro Thousand,136706,2021
Value of Exports,2021 July,Total food and live animals (0),Euro Thousand,1058490,2021
Value of Exports,2021 July,Beverages and tobacco (1),Euro Thousand,163345,2021
Value of Exports,2021 August,Total food and live animals (0),Euro Thousand,989095,2021
Value of Exports,2021 August,Beverages and tobacco (1),Euro Thousand,162138,2021
Value of Exports,2021 September,Total food and live animals (0),Euro Thousand,1163111,2021
Value of Exports,2021 September,Beverages and tobacco (1),Euro Thousand,170550,2021
Value of Exports,2021 October,Total food and live animals (0),Euro Thousand,1095938,2021
Value of Exports,2021 October,Beverages and tobacco (1),Euro Thousand,162617,2021
Value of Exports,2021 November,Total food and live animals (0),Euro Thousand,1160979,2021
Value of Exports,2021 November,Beverages and tobacco (1),Euro Thousand,186829,2021
Value of Exports,2021 December,Total food and live animals (0),Euro Thousand,1082172,2021
Value of Exports,2021 December,Beverages and tobacco (1),Euro Thousand,155230,2021
Value of Exports,2022 January,Total food and live animals (0),Euro Thousand,870812,2022
Value of Exports,2022 January,Beverages and tobacco (1),Euro Thousand,165215,2022
Value of Exports,2022 February,Total food and live animals (0),Euro Thousand,936036,2022
Value of Exports,2022 February,Beverages and tobacco (1),Euro Thousand,153274,2022
Value of Exports,2022 March,Total food and live animals (0),Euro Thousand,1144621,2022
Value of Exports,2022 March,Beverages and tobacco (1),Euro Thousand,164029,2022
Value of Exports,2022 April,Total food and live animals (0),Euro Thousand,1141164,2022
Value of Exports,2022 April,Beverages and tobacco (1),Euro Thousand,141856,2022
Value of Exports,2022 May,Total food and live animals (0),Euro Thousand,1322701,2022
Value of Exports,2022 May,Beverages and tobacco (1),Euro Thousand,174461,2022
Value of Exports,2022 June,Total food and live animals (0),Euro Thousand,1430780,2022
Value of Exports,2022 June,Beverages and tobacco (1),Euro Thousand,163197,2022
Value of Exports,2022 July,Total food and live animals (0),Euro Thousand,1281398,2022
Value of Exports,2022 July,Beverages and tobacco (1),Euro Thousand,180683,2022
Value of Exports,2022 August,Total food and live animals (0),Euro Thousand,1233532,2022
Value of Exports,2022 August,Beverages and tobacco (1),Euro Thousand,209117,2022
Value of Exports,2022 September,Total food and live animals (0),Euro Thousand,1483768,2022
Value of Exports,2022 September,Beverages and tobacco (1),Euro Thousand,190636,2022
Value of Exports,2022 October,Total food and live animals (0),Euro Thousand,1294833,2022
Value of Exports,2022 October,Beverages and tobacco (1),Euro Thousand,186263,2022
Value of Exports,2022 November,Total food and live animals (0),Euro Thousand,1377958,2022
Value of Exports,2022 November,Beverages and tobacco (1),Euro Thousand,182606,2022
Value of Exports,2022 December,Total food and live animals (0),Euro Thousand,1250573,2022
Value of Exports,2022 December,Beverages and tobacco (1),Euro Thousand,147996,2022
Value of Exports,2023 January,Total food and live animals (0),Euro Thousand,1034133,2023
Value of Exports,2023 January,Beverages and tobacco (1),Euro Thousand,147491,2023
Value of Exports,2023 February,Total food and live animals (0),Euro Thousand,1096273,2023
Value of Exports,2023 February,Beverages and tobacco (1),Euro Thousand,138923,2023
Value of Exports,2023 March,Total food and live animals (0),Euro Thousand,1288387,2023
Value of Exports,2023 March,Beverages and tobacco (1),Euro Thousand,167569,2023
Value of Exports,2023 April,Total food and live animals (0),Euro Thousand,1154944,2023
Value of Exports,2023 April,Beverages and tobacco (1),Euro Thousand,131321,2023
Value of Exports,2023 May,Total food and live animals (0),Euro Thousand,1266398,2023
Value of Exports,2023 May,Beverages and tobacco (1),Euro Thousand,164037,2023
Value of Exports,2023 June,Total food and live animals (0),Euro Thousand,1373886,2023
Value of Exports,2023 June,Beverages and tobacco (1),Euro Thousand,134422,2023
Value of Exports,2023 July,Total food and live animals (0),Euro Thousand,1129772,2023
Value of Exports,2023 July,Beverages and tobacco (1),Euro Thousand,160448,2023
Value of Exports,2023 August,Total food and live animals (0),Euro Thousand,1177940,2023
Value of Exports,2023 August,Beverages and tobacco (1),Euro Thousand,167036,2023
Value of Exports,2023 September,Total food and live animals (0),Euro Thousand,1295119,2023
Value of Exports,2023 September,Beverages and tobacco (1),Euro Thousand,186480,2023
Value of Exports,2023 October,Total food and live animals (0),Euro Thousand,1177229,2023
Value of Exports,2023 October,Beverages and tobacco (1),Euro Thousand,181712,2023
Value of Exports,2023 November,Total food and live animals (0),Euro Thousand,1304876,2023
Value of Exports,2023 November,Beverages and tobacco (1),Euro Thousand,203711,2023
Value of Exports,2023 December,Total food and live animals (0),Euro Thousand,1101767,2023
Value of Exports,2023 December,Beverages and tobacco (1),Euro Thousand,170844,2023
Value of Exports,2024 January,Total food and live animals (0),Euro Thousand,1024082,2024
Value of Exports,2024 January,Beverages and tobacco (1),Euro Thousand,168189,2024
Value of Exports,2024 February,Total food and live animals (0),Euro Thousand,1042820,2024
Value of Exports,2024 February,Beverages and tobacco (1),Euro Thousand,152181,2024
Value of Exports,2024 March,Total food and live animals (0),Euro Thousand,1169424,2024
Value of Exports,2024 March,Beverages and tobacco (1),Euro Thousand,199976,2024
Value of Exports,2024 April,Total food and live animals (0),Euro Thousand,1215365,2024
Value of Exports,2024 April,Beverages and tobacco (1),Euro Thousand,174050,2024
Value of Exports,2024 May,Total food and live animals (0),Euro Thousand,1377296,2024
Value of Exports,2024 May,Beverages and tobacco (1),Euro Thousand,185353,2024
Value of Exports,2024 June,Total food and live animals (0),Euro Thousand,1279389,2024
Value of Exports,2024 June,Beverages and tobacco (1),Euro Thousand,161054,2024
Value of Exports,2024 July,Total food and live animals (0),Euro Thousand,1273576,2024
Value of Exports,2024 July,Beverages and tobacco (1),Euro Thousand,210489,2024
Value of Exports,2024 August,Total food and live animals (0),Euro Thousand,1235794,2024
Value of Exports,2024 August,Beverages and tobacco (1),Euro Thousand,214312,2024
Value of Exports,2024 September,Total food and live animals (0),Euro Thousand,1352059,2024
Value of Exports,2024 September,Beverages and tobacco (1),Euro Thousand,187568,2024
Value of Exports,2024 October,Total food and live animals (0),Euro Thousand,1475906,2024
Value of Exports,2024 October,Beverages and tobacco (1),Euro Thousand,204893,2024
Value of Exports,2024 November,Total food and live animals (0),Euro Thousand,1402021,2024
Value of Exports,2024 November,Beverages and tobacco (1),Euro Thousand,172046,2024
Value of Exports,2024 December,Total food and live animals (0),Euro Thousand,1290966,2024
Value of Exports,2024 December,Beverages and tobacco (1),Euro Thousand,168756,2024
Value of Exports,2025 January,Total food and live animals (0),Euro Thousand,1165800,2025
Value of Exports,2025 January,Beverages and tobacco (1),Euro Thousand,180582,2025
Value of Exports,2025 February,Total food and live animals (0),Euro Thousand,1171650,2025
Value of Exports,2025 February,Beverages and tobacco (1),Euro Thousand,170772,2025
Value of Exports,2025 March,Total food and live animals (0),Euro Thousand,1360399,2025
Value of Exports,2025 March,Beverages and tobacco (1),Euro Thousand,197394,2025
Value of Exports,2025 April,Total food and live animals (0),Euro Thousand,1517121,2025
Value of Exports,2025 April,Beverages and tobacco (1),Euro Thousand,185995,2025
Value of Exports,2025 May,Total food and live animals (0),Euro Thousand,1519343,2025
Value of Exports,2025 May,Beverages and tobacco (1),Euro Thousand,169495,2025
Value of Exports,2025 June,Total food and live animals (0),Euro Thousand,1504210,2025
Value of Exports,2025 June,Beverages and tobacco (1),Euro Thousand,170953,2025
Value of Exports,2025 July,Total food and live animals (0),Euro Thousand,1424849,2025
Value of Exports,2025 July,Beverages and tobacco (1),Euro Thousand,207577,2025
Value of Exports,2025 August,Total food and live animals (0),Euro Thousand,1345759,2025
Value of Exports,2025 August,Beverages and tobacco (1),Euro Thousand,187035,2025
Value of Exports,2025 September,Total food and live animals (0),Euro Thousand,1524956,2025
Value of Exports,2025 September,Beverages and tobacco (1),Euro Thousand,204139,2025
Value of Exports,2025 October,Total food and live animals (0),Euro Thousand,1406860,2025
Value of Exports,2025 October,Beverages and tobacco (1),Euro Thousand,189498,2025
Value of Exports,2025 November,Total food and live animals (0),Euro Thousand,1397819,2025
Value of Exports,2025 November,Beverages and tobacco (1),Euro Thousand,181964,2025
Value of Exports,2025 December,Total food and live animals (0),Euro Thousand,1358405,2025
Value of Exports,2025 December,Beverages and tobacco (1),Euro Thousand,192370,2025
Value of Exports,2026 January,Total food and live animals (0),Euro Thousand,1147432,2026
Value of Exports,2026 January,Beverages and tobacco (1),Euro Thousand,172058,2026
Value of Exports,2026 February,Total food and live animals (0),Euro Thousand,1195475,2026
Value of Exports,2026 February,Beverages and tobacco (1),Euro Thousand,161236,2026
