metric,year,state,unit,value
All Livestock,2000,State,Euro Million,2170.6
All Livestock,2001,State,Euro Million,2175.1
All Livestock,2002,State,Euro Million,2014.8
All Livestock,2003,State,Euro Million,2065.4
All Livestock,2004,State,Euro Million,2212.8
All Livestock,2005,State,Euro Million,2273.8
All Livestock,2006,State,Euro Million,2386.8
All Livestock,2007,State,Euro Million,2378.7
All Livestock,2008,State,Euro Million,2541.7
All Livestock,2009,State,Euro Million,2222.8
All Livestock,2010,State,Euro Million,2259.6
All Livestock,2011,State,Euro Million,2644.8
All Livestock,2012,State,Euro Million,3065.0
All Livestock,2013,State,Euro Million,3147.6
All Livestock,2014,State,Euro Million,3070.1
All Livestock,2015,State,Euro Million,3452.5
All Livestock,2016,State,Euro Million,3440.2
All Livestock,2017,State,Euro Million,3588.180788
All Livestock,2018,State,Euro Million,3435.346334
All Livestock,2019,State,Euro Million,3380.041124
All Livestock,2020,State,Euro Million,3618.736182
All Livestock,2021,State,Euro Million,4006.413386
All Livestock,2022,State,Euro Million,4545.594331
All Livestock,2023,State,Euro Million,4548.354286
All Livestock,2024,State,Euro Million,4734.274147
All Livestock,2025,State,Euro Million,5894.595816
Livestock - Cattle,2000,State,Euro Million,1382.1
Livestock - Cattle,2001,State,Euro Million,1260.3
Livestock - Cattle,2002,State,Euro Million,1179.0
Livestock - Cattle,2003,State,Euro Million,1244.0
Livestock - Cattle,2004,State,Euro Million,1346.1
Livestock - Cattle,2005,State,Euro Million,1406.2
Livestock - Cattle,2006,State,Euro Million,1494.5
Livestock - Cattle,2007,State,Euro Million,1503.5
Livestock - Cattle,2008,State,Euro Million,1686.5
Livestock - Cattle,2009,State,Euro Million,1475.6
Livestock - Cattle,2010,State,Euro Million,1502.3
Livestock - Cattle,2011,State,Euro Million,1795.1
Livestock - Cattle,2012,State,Euro Million,2119.5
Livestock - Cattle,2013,State,Euro Million,2151.8
Livestock - Cattle,2014,State,Euro Million,2012.3
Livestock - Cattle,2015,State,Euro Million,2361.5
Livestock - Cattle,2016,State,Euro Million,2288.9
Livestock - Cattle,2017,State,Euro Million,2362.126951
Livestock - Cattle,2018,State,Euro Million,2248.149515
Livestock - Cattle,2019,State,Euro Million,2143.926863
Livestock - Cattle,2020,State,Euro Million,2301.949188
Livestock - Cattle,2021,State,Euro Million,2592.099152
Livestock - Cattle,2022,State,Euro Million,3026.29187
Livestock - Cattle,2023,State,Euro Million,3012.880422
Livestock - Cattle,2024,State,Euro Million,3063.772048
Livestock - Cattle,2025,State,Euro Million,4166.154276
Livestock - Pig,2000,State,Euro Million,296.7
Livestock - Pig,2001,State,Euro Million,346.1
Livestock - Pig,2002,State,Euro Million,300.9
Livestock - Pig,2003,State,Euro Million,285.1
Livestock - Pig,2004,State,Euro Million,297.5
Livestock - Pig,2005,State,Euro Million,292.9
Livestock - Pig,2006,State,Euro Million,321.5
Livestock - Pig,2007,State,Euro Million,288.6
Livestock - Pig,2008,State,Euro Million,330.1
Livestock - Pig,2009,State,Euro Million,300.0
Livestock - Pig,2010,State,Euro Million,333.7
Livestock - Pig,2011,State,Euro Million,394.2
Livestock - Pig,2012,State,Euro Million,441.5
Livestock - Pig,2013,State,Euro Million,475.7
Livestock - Pig,2014,State,Euro Million,471.3
Livestock - Pig,2015,State,Euro Million,456.3
Livestock - Pig,2016,State,Euro Million,465.6
Livestock - Pig,2017,State,Euro Million,516.7760138
Livestock - Pig,2018,State,Euro Million,459.0530686
Livestock - Pig,2019,State,Euro Million,543.0139383
Livestock - Pig,2020,State,Euro Million,602.4027235
Livestock - Pig,2021,State,Euro Million,557.4256577
Livestock - Pig,2022,State,Euro Million,622.244616
Livestock - Pig,2023,State,Euro Million,668.1785817
Livestock - Pig,2024,State,Euro Million,710.106109
Livestock - Pig,2025,State,Euro Million,699.2923989
Livestock - Sheep,2000,State,Euro Million,203.5
Livestock - Sheep,2001,State,Euro Million,284.4
Livestock - Sheep,2002,State,Euro Million,202.2
Livestock - Sheep,2003,State,Euro Million,193.3
Livestock - Sheep,2004,State,Euro Million,200.4
Livestock - Sheep,2005,State,Euro Million,194.2
Livestock - Sheep,2006,State,Euro Million,193.1
Livestock - Sheep,2007,State,Euro Million,184.5
Livestock - Sheep,2008,State,Euro Million,173.8
Livestock - Sheep,2009,State,Euro Million,159.4
Livestock - Sheep,2010,State,Euro Million,165.6
Livestock - Sheep,2011,State,Euro Million,189.8
Livestock - Sheep,2012,State,Euro Million,204.4
Livestock - Sheep,2013,State,Euro Million,203.8
Livestock - Sheep,2014,State,Euro Million,231.6
Livestock - Sheep,2015,State,Euro Million,245.2
Livestock - Sheep,2016,State,Euro Million,255.7
Livestock - Sheep,2017,State,Euro Million,262.9339363
Livestock - Sheep,2018,State,Euro Million,258.8120154
Livestock - Sheep,2019,State,Euro Million,260.7746674
Livestock - Sheep,2020,State,Euro Million,303.2683976
Livestock - Sheep,2021,State,Euro Million,367.2781092
Livestock - Sheep,2022,State,Euro Million,377.2579626
Livestock - Sheep,2023,State,Euro Million,344.7215915
Livestock - Sheep,2024,State,Euro Million,387.4374243
Livestock - Sheep,2025,State,Euro Million,386.0442314
Livestock - Horses,2000,State,Euro Million,164.4
Livestock - Horses,2001,State,Euro Million,146.5
Livestock - Horses,2002,State,Euro Million,200.7
Livestock - Horses,2003,State,Euro Million,204.3
Livestock - Horses,2004,State,Euro Million,217.6
Livestock - Horses,2005,State,Euro Million,234.0
Livestock - Horses,2006,State,Euro Million,263.5
Livestock - Horses,2007,State,Euro Million,269.3
Livestock - Horses,2008,State,Euro Million,228.5
Livestock - Horses,2009,State,Euro Million,172.7
Livestock - Horses,2010,State,Euro Million,145.9
Livestock - Horses,2011,State,Euro Million,135.6
Livestock - Horses,2012,State,Euro Million,166.7
Livestock - Horses,2013,State,Euro Million,186.5
Livestock - Horses,2014,State,Euro Million,221.7
Livestock - Horses,2015,State,Euro Million,247.3
Livestock - Horses,2016,State,Euro Million,270.5
Livestock - Horses,2017,State,Euro Million,287.4202144
Livestock - Horses,2018,State,Euro Million,306.3952672
Livestock - Horses,2019,State,Euro Million,255.49107
Livestock - Horses,2020,State,Euro Million,224.218768
Livestock - Horses,2021,State,Euro Million,301.883143
Livestock - Horses,2022,State,Euro Million,314.704098
Livestock - Horses,2023,State,Euro Million,304.827095
Livestock - Horses,2024,State,Euro Million,335.549749
Livestock - Horses,2025,State,Euro Million,383.630841
Livestock - Poultry,2000,State,Euro Million,124.0
Livestock - Poultry,2001,State,Euro Million,137.7
Livestock - Poultry,2002,State,Euro Million,132.1
Livestock - Poultry,2003,State,Euro Million,138.7
Livestock - Poultry,2004,State,Euro Million,151.2
Livestock - Poultry,2005,State,Euro Million,146.5
Livestock - Poultry,2006,State,Euro Million,114.3
Livestock - Poultry,2007,State,Euro Million,133.0
Livestock - Poultry,2008,State,Euro Million,122.7
Livestock - Poultry,2009,State,Euro Million,115.1
Livestock - Poultry,2010,State,Euro Million,112.2
Livestock - Poultry,2011,State,Euro Million,130.1
Livestock - Poultry,2012,State,Euro Million,132.9
Livestock - Poultry,2013,State,Euro Million,129.9
Livestock - Poultry,2014,State,Euro Million,133.3
Livestock - Poultry,2015,State,Euro Million,142.2
Livestock - Poultry,2016,State,Euro Million,159.5
Livestock - Poultry,2017,State,Euro Million,158.9236728
Livestock - Poultry,2018,State,Euro Million,162.9364677
Livestock - Poultry,2019,State,Euro Million,176.8345851
Livestock - Poultry,2020,State,Euro Million,186.8971051
Livestock - Poultry,2021,State,Euro Million,187.7273236
Livestock - Poultry,2022,State,Euro Million,205.095784
Livestock - Poultry,2023,State,Euro Million,217.7465952
Livestock - Poultry,2024,State,Euro Million,237.4088166
Livestock - Poultry,2025,State,Euro Million,259.4740687
All Livestock Products,2000,State,Euro Million,1484.3
All Livestock Products,2001,State,Euro Million,1604.2
All Livestock Products,2002,State,Euro Million,1451.0
All Livestock Products,2003,State,Euro Million,1470.6
All Livestock Products,2004,State,Euro Million,1459.3
All Livestock Products,2005,State,Euro Million,1389.5
All Livestock Products,2006,State,Euro Million,1380.2
All Livestock Products,2007,State,Euro Million,1716.1
All Livestock Products,2008,State,Euro Million,1681.5
All Livestock Products,2009,State,Euro Million,1153.9
All Livestock Products,2010,State,Euro Million,1583.9
All Livestock Products,2011,State,Euro Million,1891.1
All Livestock Products,2012,State,Euro Million,1692.3
All Livestock Products,2013,State,Euro Million,2132.3
All Livestock Products,2014,State,Euro Million,2151.3
All Livestock Products,2015,State,Euro Million,1949.4
All Livestock Products,2016,State,Euro Million,1857.8
All Livestock Products,2017,State,Euro Million,2668.676813
All Livestock Products,2018,State,Euro Million,2639.207774
All Livestock Products,2019,State,Euro Million,2689.699756
All Livestock Products,2020,State,Euro Million,2826.489681
All Livestock Products,2021,State,Euro Million,3471.361892
All Livestock Products,2022,State,Euro Million,5110.222603
All Livestock Products,2023,State,Euro Million,3625.92395
All Livestock Products,2024,State,Euro Million,4187.32865
All Livestock Products,2025,State,Euro Million,4601.127646
All Livestock Products - Milk,2000,State,Euro Million,1447.1
All Livestock Products - Milk,2001,State,Euro Million,1566.1
All Livestock Products - Milk,2002,State,Euro Million,1413.0
All Livestock Products - Milk,2003,State,Euro Million,1431.3
All Livestock Products - Milk,2004,State,Euro Million,1417.8
All Livestock Products - Milk,2005,State,Euro Million,1342.1
All Livestock Products - Milk,2006,State,Euro Million,1332.5
All Livestock Products - Milk,2007,State,Euro Million,1667.5
All Livestock Products - Milk,2008,State,Euro Million,1628.1
All Livestock Products - Milk,2009,State,Euro Million,1106.5
All Livestock Products - Milk,2010,State,Euro Million,1541.9
All Livestock Products - Milk,2011,State,Euro Million,1834.8
All Livestock Products - Milk,2012,State,Euro Million,1629.8
All Livestock Products - Milk,2013,State,Euro Million,2073.4
All Livestock Products - Milk,2014,State,Euro Million,2093.1
All Livestock Products - Milk,2015,State,Euro Million,1881.1
All Livestock Products - Milk,2016,State,Euro Million,1790.8
All Livestock Products - Milk,2017,State,Euro Million,2594.1006
All Livestock Products - Milk,2018,State,Euro Million,2556.655708
All Livestock Products - Milk,2019,State,Euro Million,2608.600429
All Livestock Products - Milk,2020,State,Euro Million,2743.546219
All Livestock Products - Milk,2021,State,Euro Million,3386.621752
All Livestock Products - Milk,2022,State,Euro Million,5013.409838
All Livestock Products - Milk,2023,State,Euro Million,3507.139718
All Livestock Products - Milk,2024,State,Euro Million,4082.535698
All Livestock Products - Milk,2025,State,Euro Million,4484.908377
All Livestock Products Other Products (excluding Milk),2000,State,Euro Million,37.2
All Livestock Products Other Products (excluding Milk),2001,State,Euro Million,38.1
All Livestock Products Other Products (excluding Milk),2002,State,Euro Million,37.9
All Livestock Products Other Products (excluding Milk),2003,State,Euro Million,39.3
All Livestock Products Other Products (excluding Milk),2004,State,Euro Million,41.6
All Livestock Products Other Products (excluding Milk),2005,State,Euro Million,47.3
All Livestock Products Other Products (excluding Milk),2006,State,Euro Million,47.7
All Livestock Products Other Products (excluding Milk),2007,State,Euro Million,48.6
All Livestock Products Other Products (excluding Milk),2008,State,Euro Million,53.4
All Livestock Products Other Products (excluding Milk),2009,State,Euro Million,47.4
All Livestock Products Other Products (excluding Milk),2010,State,Euro Million,42.0
All Livestock Products Other Products (excluding Milk),2011,State,Euro Million,56.3
All Livestock Products Other Products (excluding Milk),2012,State,Euro Million,62.6
All Livestock Products Other Products (excluding Milk),2013,State,Euro Million,58.9
All Livestock Products Other Products (excluding Milk),2014,State,Euro Million,58.2
All Livestock Products Other Products (excluding Milk),2015,State,Euro Million,68.3
All Livestock Products Other Products (excluding Milk),2016,State,Euro Million,67.0
All Livestock Products Other Products (excluding Milk),2017,State,Euro Million,74.57621331
All Livestock Products Other Products (excluding Milk),2018,State,Euro Million,82.55206609
All Livestock Products Other Products (excluding Milk),2019,State,Euro Million,81.09932763
All Livestock Products Other Products (excluding Milk),2020,State,Euro Million,82.9434626
All Livestock Products Other Products (excluding Milk),2021,State,Euro Million,84.74014013
All Livestock Products Other Products (excluding Milk),2022,State,Euro Million,96.8127651
All Livestock Products Other Products (excluding Milk),2023,State,Euro Million,118.784232
All Livestock Products Other Products (excluding Milk),2024,State,Euro Million,104.7929523
All Livestock Products Other Products (excluding Milk),2025,State,Euro Million,116.2192693
All Crops,2000,State,Euro Million,1228.6
All Crops,2001,State,Euro Million,1322.5
All Crops,2002,State,Euro Million,1245.3
All Crops,2003,State,Euro Million,1302.7
All Crops,2004,State,Euro Million,1350.6
All Crops,2005,State,Euro Million,1378.1
All Crops,2006,State,Euro Million,1461.3
All Crops,2007,State,Euro Million,1632.7
All Crops,2008,State,Euro Million,1657.1
All Crops,2009,State,Euro Million,1377.9
All Crops,2010,State,Euro Million,1670.0
All Crops,2011,State,Euro Million,1715.9
All Crops,2012,State,Euro Million,1784.5
All Crops,2013,State,Euro Million,2066.4
All Crops,2014,State,Euro Million,1747.5
All Crops,2015,State,Euro Million,1737.3
All Crops,2016,State,Euro Million,1767.4
All Crops,2017,State,Euro Million,1889.64248
All Crops,2018,State,Euro Million,2125.238553
All Crops,2019,State,Euro Million,1884.998179
All Crops,2020,State,Euro Million,1957.372045
All Crops,2021,State,Euro Million,2150.886473
All Crops,2022,State,Euro Million,2654.436207
All Crops,2023,State,Euro Million,2632.286797
All Crops,2024,State,Euro Million,2816.929306
All Crops,2025,State,Euro Million,2713.726354
All Cereals,2000,State,Euro Million,185.1
All Cereals,2001,State,Euro Million,169.8
All Cereals,2002,State,Euro Million,141.9
All Cereals,2003,State,Euro Million,171.7
All Cereals,2004,State,Euro Million,181.4
All Cereals,2005,State,Euro Million,125.7
All Cereals,2006,State,Euro Million,159.7
All Cereals,2007,State,Euro Million,241.8
All Cereals,2008,State,Euro Million,197.0
All Cereals,2009,State,Euro Million,107.0
All Cereals,2010,State,Euro Million,192.9
All Cereals,2011,State,Euro Million,290.1
All Cereals,2012,State,Euro Million,334.9
All Cereals,2013,State,Euro Million,289.6
All Cereals,2014,State,Euro Million,280.5
All Cereals,2015,State,Euro Million,262.7
All Cereals,2016,State,Euro Million,230.8
All Cereals,2017,State,Euro Million,237.2448343
All Cereals,2018,State,Euro Million,288.4218997
All Cereals,2019,State,Euro Million,327.2228042
All Cereals,2020,State,Euro Million,289.5431476
All Cereals,2021,State,Euro Million,434.1945078
All Cereals,2022,State,Euro Million,721.1995735
All Cereals,2023,State,Euro Million,344.4092942
All Cereals,2024,State,Euro Million,380.9739339
All Cereals,2025,State,Euro Million,368.0455961
Crops - Barley,2000,State,Euro Million,114.2
Crops - Barley,2001,State,Euro Million,105.3
Crops - Barley,2002,State,Euro Million,73.1
Crops - Barley,2003,State,Euro Million,102.2
Crops - Barley,2004,State,Euro Million,98.6
Crops - Barley,2005,State,Euro Million,67.2
Crops - Barley,2006,State,Euro Million,85.1
Crops - Barley,2007,State,Euro Million,137.7
Crops - Barley,2008,State,Euro Million,113.6
Crops - Barley,2009,State,Euro Million,63.9
Crops - Barley,2010,State,Euro Million,118.3
Crops - Barley,2011,State,Euro Million,163.2
Crops - Barley,2012,State,Euro Million,209.7
Crops - Barley,2013,State,Euro Million,207.3
Crops - Barley,2014,State,Euro Million,196.3
Crops - Barley,2015,State,Euro Million,174.0
Crops - Barley,2016,State,Euro Million,146.9
Crops - Barley,2017,State,Euro Million,150.0553916
Crops - Barley,2018,State,Euro Million,197.2352137
Crops - Barley,2019,State,Euro Million,218.6606998
Crops - Barley,2020,State,Euro Million,215.9271941
Crops - Barley,2021,State,Euro Million,282.8815788
Crops - Barley,2022,State,Euro Million,484.2013328
Crops - Barley,2023,State,Euro Million,231.4058775
Crops - Barley,2024,State,Euro Million,257.8774837
Crops - Wheat,2000,State,Euro Million,63.0
Crops - Wheat,2001,State,Euro Million,57.8
Crops - Wheat,2002,State,Euro Million,61.2
Crops - Wheat,2003,State,Euro Million,59.5
Crops - Wheat,2004,State,Euro Million,72.4
Crops - Wheat,2005,State,Euro Million,51.6
Crops - Wheat,2006,State,Euro Million,61.8
Crops - Wheat,2007,State,Euro Million,83.5
Crops - Wheat,2008,State,Euro Million,72.2
Crops - Wheat,2009,State,Euro Million,33.9
Crops - Wheat,2010,State,Euro Million,59.9
Crops - Wheat,2011,State,Euro Million,106.2
Crops - Wheat,2012,State,Euro Million,100.8
Crops - Wheat,2013,State,Euro Million,57.4
Crops - Wheat,2014,State,Euro Million,69.4
Crops - Wheat,2015,State,Euro Million,63.3
Crops - Wheat,2016,State,Euro Million,63.1
Crops - Wheat,2017,State,Euro Million,65.86859536
Crops - Wheat,2018,State,Euro Million,69.59845345
Crops - Wheat,2019,State,Euro Million,77.43478406
Crops - Wheat,2020,State,Euro Million,45.55966719
Crops - Wheat,2021,State,Euro Million,108.4035282
Crops - Wheat,2022,State,Euro Million,177.9493816
Crops - Wheat,2023,State,Euro Million,78.6594341
Crops - Wheat,2024,State,Euro Million,77.80359869
Crops - Oats,2000,State,Euro Million,7.9
Crops - Oats,2001,State,Euro Million,6.7
Crops - Oats,2002,State,Euro Million,7.6
Crops - Oats,2003,State,Euro Million,10.0
Crops - Oats,2004,State,Euro Million,10.4
Crops - Oats,2005,State,Euro Million,6.9
Crops - Oats,2006,State,Euro Million,12.8
Crops - Oats,2007,State,Euro Million,20.6
Crops - Oats,2008,State,Euro Million,11.2
Crops - Oats,2009,State,Euro Million,9.2
Crops - Oats,2010,State,Euro Million,14.6
Crops - Oats,2011,State,Euro Million,20.7
Crops - Oats,2012,State,Euro Million,24.4
Crops - Oats,2013,State,Euro Million,24.9
Crops - Oats,2014,State,Euro Million,14.8
Crops - Oats,2015,State,Euro Million,25.5
Crops - Oats,2016,State,Euro Million,20.8
Crops - Oats,2017,State,Euro Million,21.32084729
Crops - Oats,2018,State,Euro Million,21.58823254
Crops - Oats,2019,State,Euro Million,31.12732037
Crops - Oats,2020,State,Euro Million,28.05628634
Crops - Oats,2021,State,Euro Million,42.90940071
Crops - Oats,2022,State,Euro Million,59.04885915
Crops - Oats,2023,State,Euro Million,34.34398259
Crops - Oats,2024,State,Euro Million,45.29285148
Crops - Potatoes,2000,State,Euro Million,58.8
Crops - Potatoes,2001,State,Euro Million,98.1
Crops - Potatoes,2002,State,Euro Million,96.5
Crops - Potatoes,2003,State,Euro Million,98.7
Crops - Potatoes,2004,State,Euro Million,89.1
Crops - Potatoes,2005,State,Euro Million,78.8
Crops - Potatoes,2006,State,Euro Million,104.2
Crops - Potatoes,2007,State,Euro Million,103.9
Crops - Potatoes,2008,State,Euro Million,79.9
Crops - Potatoes,2009,State,Euro Million,86.6
Crops - Potatoes,2010,State,Euro Million,117.6
Crops - Potatoes,2011,State,Euro Million,85.5
Crops - Potatoes,2012,State,Euro Million,103.2
Crops - Potatoes,2013,State,Euro Million,164.3
Crops - Potatoes,2014,State,Euro Million,89.2
Crops - Potatoes,2015,State,Euro Million,117.7
Crops - Potatoes,2016,State,Euro Million,136.0
Crops - Potatoes,2017,State,Euro Million,126.5010021
Crops - Potatoes,2018,State,Euro Million,139.2953209
Crops - Potatoes,2019,State,Euro Million,156.2903379
Crops - Potatoes,2020,State,Euro Million,138.6133028
Crops - Potatoes,2021,State,Euro Million,192.7610914
Crops - Potatoes,2022,State,Euro Million,168.9098947
Crops - Potatoes,2023,State,Euro Million,218.7347629
Crops - Potatoes,2024,State,Euro Million,263.9008694
Crops - Sugar Beet,2000,State,Euro Million,74.9
Crops - Sugar Beet,2001,State,Euro Million,75.1
Crops - Sugar Beet,2002,State,Euro Million,72.1
Crops - Sugar Beet,2003,State,Euro Million,75.6
Crops - Sugar Beet,2004,State,Euro Million,75.6
Crops - Sugar Beet,2005,State,Euro Million,66.7
Crops - Sugar Beet,2006,State,Euro Million,0.0
Crops - Sugar Beet,2007,State,Euro Million,0.0
Crops - Sugar Beet,2008,State,Euro Million,0.0
Crops - Sugar Beet,2009,State,Euro Million,0.0
Crops - Sugar Beet,2010,State,Euro Million,0.0
Crops - Sugar Beet,2011,State,Euro Million,0.0
Crops - Sugar Beet,2012,State,Euro Million,0.0
Crops - Sugar Beet,2013,State,Euro Million,0.0
Crops - Sugar Beet,2014,State,Euro Million,0.0
Crops - Sugar Beet,2015,State,Euro Million,0.0
Crops - Sugar Beet,2016,State,Euro Million,0.0
Crops - Sugar Beet,2017,State,Euro Million,0.0
Crops - Sugar Beet,2018,State,Euro Million,0.0
Crops - Sugar Beet,2019,State,Euro Million,0.0
Crops - Sugar Beet,2020,State,Euro Million,0.0
Crops - Sugar Beet,2021,State,Euro Million,0.0
Crops - Sugar Beet,2022,State,Euro Million,0.0
Crops - Sugar Beet,2023,State,Euro Million,0.0
Crops - Sugar Beet,2024,State,Euro Million,0.0
Crops - Mushrooms,2000,State,Euro Million,114.8
Crops - Mushrooms,2001,State,Euro Million,115.6
Crops - Mushrooms,2002,State,Euro Million,137.7
Crops - Mushrooms,2003,State,Euro Million,124.5
Crops - Mushrooms,2004,State,Euro Million,114.7
Crops - Mushrooms,2005,State,Euro Million,110.0
Crops - Mushrooms,2006,State,Euro Million,99.9
Crops - Mushrooms,2007,State,Euro Million,99.6
Crops - Mushrooms,2008,State,Euro Million,102.8
Crops - Mushrooms,2009,State,Euro Million,98.8
Crops - Mushrooms,2010,State,Euro Million,98.5
Crops - Mushrooms,2011,State,Euro Million,100.2
Crops - Mushrooms,2012,State,Euro Million,111.9
Crops - Mushrooms,2013,State,Euro Million,121.5
Crops - Mushrooms,2014,State,Euro Million,133.2
Crops - Mushrooms,2015,State,Euro Million,137.0
Crops - Mushrooms,2016,State,Euro Million,121.7
Crops - Mushrooms,2017,State,Euro Million,118.17504
Crops - Mushrooms,2018,State,Euro Million,117.091865
Crops - Mushrooms,2019,State,Euro Million,119.22561
Crops - Mushrooms,2020,State,Euro Million,123.844032
Crops - Mushrooms,2021,State,Euro Million,127.7153366
Crops - Mushrooms,2022,State,Euro Million,129.888558
Crops - Mushrooms,2023,State,Euro Million,136.256625
Crops - Mushrooms,2024,State,Euro Million,158.597845
Crops - Other Fresh Vegetables,2000,State,Euro Million,74.1
Crops - Other Fresh Vegetables,2001,State,Euro Million,82.8
Crops - Other Fresh Vegetables,2002,State,Euro Million,73.5
Crops - Other Fresh Vegetables,2003,State,Euro Million,78.7
Crops - Other Fresh Vegetables,2004,State,Euro Million,84.2
Crops - Other Fresh Vegetables,2005,State,Euro Million,89.3
Crops - Other Fresh Vegetables,2006,State,Euro Million,89.6
Crops - Other Fresh Vegetables,2007,State,Euro Million,94.8
Crops - Other Fresh Vegetables,2008,State,Euro Million,94.7
Crops - Other Fresh Vegetables,2009,State,Euro Million,108.4
Crops - Other Fresh Vegetables,2010,State,Euro Million,87.9
Crops - Other Fresh Vegetables,2011,State,Euro Million,90.7
Crops - Other Fresh Vegetables,2012,State,Euro Million,83.5
Crops - Other Fresh Vegetables,2013,State,Euro Million,87.7
Crops - Other Fresh Vegetables,2014,State,Euro Million,93.9
Crops - Other Fresh Vegetables,2015,State,Euro Million,100.0
Crops - Other Fresh Vegetables,2016,State,Euro Million,106.3
Crops - Other Fresh Vegetables,2017,State,Euro Million,103.3551782
Crops - Other Fresh Vegetables,2018,State,Euro Million,109.1187968
Crops - Other Fresh Vegetables,2019,State,Euro Million,108.125239
Crops - Other Fresh Vegetables,2020,State,Euro Million,115.4652242
Crops - Other Fresh Vegetables,2021,State,Euro Million,120.2991189
Crops - Other Fresh Vegetables,2022,State,Euro Million,131.0957711
Crops - Other Fresh Vegetables,2023,State,Euro Million,137.952511
Crops - Other Fresh Vegetables,2024,State,Euro Million,151.9775082
Crops - Fresh Fruit,2000,State,Euro Million,7.1
Crops - Fresh Fruit,2001,State,Euro Million,17.0
Crops - Fresh Fruit,2002,State,Euro Million,22.9
Crops - Fresh Fruit,2003,State,Euro Million,30.4
Crops - Fresh Fruit,2004,State,Euro Million,28.9
Crops - Fresh Fruit,2005,State,Euro Million,34.0
Crops - Fresh Fruit,2006,State,Euro Million,40.8
Crops - Fresh Fruit,2007,State,Euro Million,33.0
Crops - Fresh Fruit,2008,State,Euro Million,33.2
Crops - Fresh Fruit,2009,State,Euro Million,32.5
Crops - Fresh Fruit,2010,State,Euro Million,35.2
Crops - Fresh Fruit,2011,State,Euro Million,34.9
Crops - Fresh Fruit,2012,State,Euro Million,46.4
Crops - Fresh Fruit,2013,State,Euro Million,48.9
Crops - Fresh Fruit,2014,State,Euro Million,49.9
Crops - Fresh Fruit,2015,State,Euro Million,50.8
Crops - Fresh Fruit,2016,State,Euro Million,51.1
Crops - Fresh Fruit,2017,State,Euro Million,54.4203856
Crops - Fresh Fruit,2018,State,Euro Million,51.308686
Crops - Fresh Fruit,2019,State,Euro Million,55.056683
Crops - Fresh Fruit,2020,State,Euro Million,56.1182034
Crops - Fresh Fruit,2021,State,Euro Million,57.7175534
Crops - Fresh Fruit,2022,State,Euro Million,63.4067804
Crops - Fresh Fruit,2023,State,Euro Million,58.48261
Crops - Fresh Fruit,2024,State,Euro Million,61.989869
Crops - Turf,2000,State,Euro Million,22.5
Crops - Turf,2001,State,Euro Million,26.5
Crops - Turf,2002,State,Euro Million,27.9
Crops - Turf,2003,State,Euro Million,34.2
Crops - Turf,2004,State,Euro Million,33.5
Crops - Turf,2005,State,Euro Million,32.7
Crops - Turf,2006,State,Euro Million,35.9
Crops - Turf,2007,State,Euro Million,32.8
Crops - Turf,2008,State,Euro Million,33.2
Crops - Turf,2009,State,Euro Million,34.8
Crops - Turf,2010,State,Euro Million,34.2
Crops - Turf,2011,State,Euro Million,35.0
Crops - Turf,2012,State,Euro Million,32.6
Crops - Turf,2013,State,Euro Million,0.0
Crops - Turf,2014,State,Euro Million,0.0
Crops - Other Crops,2000,State,Euro Million,41.4
Crops - Other Crops,2001,State,Euro Million,42.7
Crops - Other Crops,2002,State,Euro Million,43.6
Crops - Other Crops,2003,State,Euro Million,44.7
Crops - Other Crops,2004,State,Euro Million,52.5
Crops - Other Crops,2005,State,Euro Million,51.5
Crops - Other Crops,2006,State,Euro Million,53.7
Crops - Other Crops,2007,State,Euro Million,62.7
Crops - Other Crops,2008,State,Euro Million,62.8
Crops - Other Crops,2009,State,Euro Million,57.3
Crops - Other Crops,2010,State,Euro Million,58.4
Crops - Other Crops,2011,State,Euro Million,72.1
Crops - Other Crops,2012,State,Euro Million,64.3
Crops - Other Crops,2013,State,Euro Million,60.1
Crops - Other Crops,2014,State,Euro Million,59.0
Crops - Other Crops,2015,State,Euro Million,65.2
Crops - Other Crops,2016,State,Euro Million,72.1
Crops - Other Crops,2017,State,Euro Million,79.1918907
Crops - Other Crops,2018,State,Euro Million,80.50493489
Crops - Other Crops,2019,State,Euro Million,82.28432639
Crops - Other Crops,2020,State,Euro Million,96.66029439
Crops - Other Crops,2021,State,Euro Million,105.030469
Crops - Other Crops,2022,State,Euro Million,126.474226
Crops - Other Crops,2023,State,Euro Million,120.1989045
Crops - Other Crops,2024,State,Euro Million,113.1769975
Crops - Forage Plants,2000,State,Euro Million,649.9
Crops - Forage Plants,2001,State,Euro Million,695.1
Crops - Forage Plants,2002,State,Euro Million,629.2
Crops - Forage Plants,2003,State,Euro Million,644.2
Crops - Forage Plants,2004,State,Euro Million,690.7
Crops - Forage Plants,2005,State,Euro Million,789.5
Crops - Forage Plants,2006,State,Euro Million,877.4
Crops - Forage Plants,2007,State,Euro Million,964.1
Crops - Forage Plants,2008,State,Euro Million,1053.6
Crops - Forage Plants,2009,State,Euro Million,852.3
Crops - Forage Plants,2010,State,Euro Million,1045.2
Crops - Forage Plants,2011,State,Euro Million,1007.3
Crops - Forage Plants,2012,State,Euro Million,1007.6
Crops - Forage Plants,2013,State,Euro Million,1294.3
Crops - Forage Plants,2014,State,Euro Million,1041.8
Crops - Forage Plants,2015,State,Euro Million,1004.0
Crops - Forage Plants,2016,State,Euro Million,1049.4
Crops - Forage Plants,2017,State,Euro Million,1170.75415
Crops - Forage Plants,2018,State,Euro Million,1339.497049
Crops - Forage Plants,2019,State,Euro Million,1036.793178
Crops - Forage Plants,2020,State,Euro Million,1137.127841
Crops - Forage Plants,2021,State,Euro Million,1113.168396
Crops - Forage Plants,2022,State,Euro Million,1313.461403
Crops - Forage Plants,2023,State,Euro Million,1616.252089
Crops - Forage Plants,2024,State,Euro Million,1686.312283
Crops - Forage Plants,2025,State,Euro Million,1649.588996
Goods Output at Producer Prices,2000,State,Euro Million,4883.5
Goods Output at Producer Prices,2001,State,Euro Million,5101.8
Goods Output at Producer Prices,2002,State,Euro Million,4711.1
Goods Output at Producer Prices,2003,State,Euro Million,4838.7
Goods Output at Producer Prices,2004,State,Euro Million,5022.8
Goods Output at Producer Prices,2005,State,Euro Million,5041.4
Goods Output at Producer Prices,2006,State,Euro Million,5228.3
Goods Output at Producer Prices,2007,State,Euro Million,5727.5
Goods Output at Producer Prices,2008,State,Euro Million,5880.3
Goods Output at Producer Prices,2009,State,Euro Million,4754.6
Goods Output at Producer Prices,2010,State,Euro Million,5513.5
Goods Output at Producer Prices,2011,State,Euro Million,6251.8
Goods Output at Producer Prices,2012,State,Euro Million,6541.8
Goods Output at Producer Prices,2013,State,Euro Million,7346.3
Goods Output at Producer Prices,2014,State,Euro Million,6968.9
Goods Output at Producer Prices,2015,State,Euro Million,7139.1
Goods Output at Producer Prices,2016,State,Euro Million,7065.5
Goods Output at Producer Prices,2017,State,Euro Million,8146.500081
Goods Output at Producer Prices,2018,State,Euro Million,8199.792661
Goods Output at Producer Prices,2019,State,Euro Million,7954.739059
Goods Output at Producer Prices,2020,State,Euro Million,8402.597909
Goods Output at Producer Prices,2021,State,Euro Million,9628.661751
Goods Output at Producer Prices,2022,State,Euro Million,12310.25314
Goods Output at Producer Prices,2023,State,Euro Million,10806.56503
Goods Output at Producer Prices,2024,State,Euro Million,11738.5321
Goods Output at Producer Prices,2025,State,Euro Million,13209.44982
Contract Work,2000,State,Euro Million,258.1
Contract Work,2001,State,Euro Million,279.3
Contract Work,2002,State,Euro Million,248.3
Contract Work,2003,State,Euro Million,247.9
Contract Work,2004,State,Euro Million,261.1
Contract Work,2005,State,Euro Million,270.1
Contract Work,2006,State,Euro Million,271.5
Contract Work,2007,State,Euro Million,288.3
Contract Work,2008,State,Euro Million,281.0
Contract Work,2009,State,Euro Million,268.7
Contract Work,2010,State,Euro Million,319.1
Contract Work,2011,State,Euro Million,335.4
Contract Work,2012,State,Euro Million,323.8
Contract Work,2013,State,Euro Million,365.8
Contract Work,2014,State,Euro Million,358.7
Contract Work,2015,State,Euro Million,348.0
Contract Work,2016,State,Euro Million,371.7
Contract Work,2017,State,Euro Million,375.7040065
Contract Work,2018,State,Euro Million,443.965729
Contract Work,2019,State,Euro Million,443.9723853
Contract Work,2020,State,Euro Million,430.7813202
Contract Work,2021,State,Euro Million,464.3954285
Contract Work,2022,State,Euro Million,573.4945777
Contract Work,2023,State,Euro Million,605.3901405
Contract Work,2024,State,Euro Million,662.0959672
Contract Work,2025,State,Euro Million,680.5565261
Subsidies on Products,2000,State,Euro Million,876.7
Subsidies on Products,2001,State,Euro Million,710.8
Subsidies on Products,2002,State,Euro Million,904.1
Subsidies on Products,2003,State,Euro Million,928.4
Subsidies on Products,2004,State,Euro Million,912.1
Subsidies on Products,2005,State,Euro Million,453.4
Subsidies on Products,2006,State,Euro Million,3.8
Subsidies on Products,2007,State,Euro Million,0.7
Subsidies on Products,2008,State,Euro Million,32.4
Subsidies on Products,2009,State,Euro Million,30.0
Subsidies on Products,2010,State,Euro Million,31.8
Subsidies on Products,2011,State,Euro Million,31.0
Subsidies on Products,2012,State,Euro Million,28.5
Subsidies on Products,2013,State,Euro Million,9.4
Subsidies on Products,2014,State,Euro Million,28.8
Subsidies on Products,2015,State,Euro Million,43.2
Subsidies on Products,2016,State,Euro Million,55.9
Subsidies on Products,2017,State,Euro Million,60.511
Subsidies on Products,2018,State,Euro Million,65.101
Subsidies on Products,2019,State,Euro Million,150.628
Subsidies on Products,2020,State,Euro Million,147.1841889
Subsidies on Products,2021,State,Euro Million,90.075611
Subsidies on Products,2022,State,Euro Million,89.10063349
Subsidies on Products,2023,State,Euro Million,84.94725956
Subsidies on Products,2024,State,Euro Million,109.038773
Taxes on Products,2000,State,Euro Million,32.8
Taxes on Products,2001,State,Euro Million,25.0
Taxes on Products,2002,State,Euro Million,27.4
Taxes on Products,2003,State,Euro Million,35.8
Taxes on Products,2004,State,Euro Million,39.1
Taxes on Products,2005,State,Euro Million,54.2
Taxes on Products,2006,State,Euro Million,36.8
Taxes on Products,2007,State,Euro Million,41.1
Taxes on Products,2008,State,Euro Million,50.7
Taxes on Products,2009,State,Euro Million,39.3
Taxes on Products,2010,State,Euro Million,42.3
Taxes on Products,2011,State,Euro Million,42.0
Taxes on Products,2012,State,Euro Million,56.7
Taxes on Products,2013,State,Euro Million,49.8
Taxes on Products,2014,State,Euro Million,62.5
Taxes on Products,2015,State,Euro Million,126.2
Taxes on Products,2016,State,Euro Million,48.8
Taxes on Products,2017,State,Euro Million,49.50254398
Taxes on Products,2018,State,Euro Million,51.24996977
Taxes on Products,2019,State,Euro Million,51.09918336
Taxes on Products,2020,State,Euro Million,49.65920161
Taxes on Products,2021,State,Euro Million,49.89580978
Taxes on Products,2022,State,Euro Million,52.2880775
Taxes on Products,2023,State,Euro Million,52.43197902
Taxes on Products,2024,State,Euro Million,52.86426463
Subsidies less Taxes on Products,2000,State,Euro Million,843.8
Subsidies less Taxes on Products,2001,State,Euro Million,685.8
Subsidies less Taxes on Products,2002,State,Euro Million,876.7
Subsidies less Taxes on Products,2003,State,Euro Million,892.5
Subsidies less Taxes on Products,2004,State,Euro Million,873.0
Subsidies less Taxes on Products,2005,State,Euro Million,399.2
Subsidies less Taxes on Products,2006,State,Euro Million,-33.1
Subsidies less Taxes on Products,2007,State,Euro Million,-40.4
Subsidies less Taxes on Products,2008,State,Euro Million,-18.3
Subsidies less Taxes on Products,2009,State,Euro Million,-9.3
Subsidies less Taxes on Products,2010,State,Euro Million,-10.5
Subsidies less Taxes on Products,2011,State,Euro Million,-11.0
Subsidies less Taxes on Products,2012,State,Euro Million,-28.1
Subsidies less Taxes on Products,2013,State,Euro Million,-40.5
Subsidies less Taxes on Products,2014,State,Euro Million,-33.7
Subsidies less Taxes on Products,2015,State,Euro Million,-82.9
Subsidies less Taxes on Products,2016,State,Euro Million,7.1
Subsidies less Taxes on Products,2017,State,Euro Million,11.00845602
Subsidies less Taxes on Products,2018,State,Euro Million,13.85103023
Subsidies less Taxes on Products,2019,State,Euro Million,99.52881664
Subsidies less Taxes on Products,2020,State,Euro Million,97.52498726
Subsidies less Taxes on Products,2021,State,Euro Million,40.17980122
Subsidies less Taxes on Products,2022,State,Euro Million,36.81255599
Subsidies less Taxes on Products,2023,State,Euro Million,32.51528054
Subsidies less Taxes on Products,2024,State,Euro Million,56.17450837
Subsidies less Taxes on Products,2025,State,Euro Million,87.67019547
Agricultural Output at Basic Prices,2000,State,Euro Million,5985.5
Agricultural Output at Basic Prices,2001,State,Euro Million,6066.8
Agricultural Output at Basic Prices,2002,State,Euro Million,5836.1
Agricultural Output at Basic Prices,2003,State,Euro Million,5979.1
Agricultural Output at Basic Prices,2004,State,Euro Million,6156.9
Agricultural Output at Basic Prices,2005,State,Euro Million,5710.7
Agricultural Output at Basic Prices,2006,State,Euro Million,5466.7
Agricultural Output at Basic Prices,2007,State,Euro Million,5975.4
Agricultural Output at Basic Prices,2008,State,Euro Million,6143.0
Agricultural Output at Basic Prices,2009,State,Euro Million,5014.0
Agricultural Output at Basic Prices,2010,State,Euro Million,5822.1
Agricultural Output at Basic Prices,2011,State,Euro Million,6576.2
Agricultural Output at Basic Prices,2012,State,Euro Million,6837.5
Agricultural Output at Basic Prices,2013,State,Euro Million,7671.6
Agricultural Output at Basic Prices,2014,State,Euro Million,7293.9
Agricultural Output at Basic Prices,2015,State,Euro Million,7404.2
Agricultural Output at Basic Prices,2016,State,Euro Million,7444.2
Agricultural Output at Basic Prices,2017,State,Euro Million,8533.212544
Agricultural Output at Basic Prices,2018,State,Euro Million,8657.60942
Agricultural Output at Basic Prices,2019,State,Euro Million,8498.240261
Agricultural Output at Basic Prices,2020,State,Euro Million,8930.904216
Agricultural Output at Basic Prices,2021,State,Euro Million,10133.23698
Agricultural Output at Basic Prices,2022,State,Euro Million,12920.56027
Agricultural Output at Basic Prices,2023,State,Euro Million,11444.47045
Agricultural Output at Basic Prices,2024,State,Euro Million,12456.80258
Agricultural Output at Basic Prices,2025,State,Euro Million,13977.67654
Intermediate Consumption,2000,State,Euro Million,3207.5
Intermediate Consumption,2001,State,Euro Million,3469.4
Intermediate Consumption,2002,State,Euro Million,3413.3
Intermediate Consumption,2003,State,Euro Million,3464.7
Intermediate Consumption,2004,State,Euro Million,3516.1
Intermediate Consumption,2005,State,Euro Million,3744.7
Intermediate Consumption,2006,State,Euro Million,4014.7
Intermediate Consumption,2007,State,Euro Million,4225.7
Intermediate Consumption,2008,State,Euro Million,4700.0
Intermediate Consumption,2009,State,Euro Million,4190.6
Intermediate Consumption,2010,State,Euro Million,4433.4
Intermediate Consumption,2011,State,Euro Million,4706.8
Intermediate Consumption,2012,State,Euro Million,5054.0
Intermediate Consumption,2013,State,Euro Million,5670.0
Intermediate Consumption,2014,State,Euro Million,5119.8
Intermediate Consumption,2015,State,Euro Million,4932.6
Intermediate Consumption,2016,State,Euro Million,5085.1
Intermediate Consumption,2017,State,Euro Million,5331.544346
Intermediate Consumption,2018,State,Euro Million,6025.368922
Intermediate Consumption,2019,State,Euro Million,5597.121645
Intermediate Consumption,2020,State,Euro Million,5562.640643
Intermediate Consumption,2021,State,Euro Million,6129.006092
Intermediate Consumption,2022,State,Euro Million,7902.931623
Intermediate Consumption,2023,State,Euro Million,7971.942556
Intermediate Consumption,2024,State,Euro Million,7682.043628
Intermediate Consumption,2025,State,Euro Million,7871.770025
Intermediate Consumption - Feeding Stuffs,2000,State,Euro Million,829.9
Intermediate Consumption - Feeding Stuffs,2001,State,Euro Million,882.0
Intermediate Consumption - Feeding Stuffs,2002,State,Euro Million,955.9
Intermediate Consumption - Feeding Stuffs,2003,State,Euro Million,923.0
Intermediate Consumption - Feeding Stuffs,2004,State,Euro Million,903.9
Intermediate Consumption - Feeding Stuffs,2005,State,Euro Million,865.1
Intermediate Consumption - Feeding Stuffs,2006,State,Euro Million,962.4
Intermediate Consumption - Feeding Stuffs,2007,State,Euro Million,1024.8
Intermediate Consumption - Feeding Stuffs,2008,State,Euro Million,1184.3
Intermediate Consumption - Feeding Stuffs,2009,State,Euro Million,1048.9
Intermediate Consumption - Feeding Stuffs,2010,State,Euro Million,1001.9
Intermediate Consumption - Feeding Stuffs,2011,State,Euro Million,1142.3
Intermediate Consumption - Feeding Stuffs,2012,State,Euro Million,1428.4
Intermediate Consumption - Feeding Stuffs,2013,State,Euro Million,1582.5
Intermediate Consumption - Feeding Stuffs,2014,State,Euro Million,1296.6
Intermediate Consumption - Feeding Stuffs,2015,State,Euro Million,1180.3
Intermediate Consumption - Feeding Stuffs,2016,State,Euro Million,1228.7
Intermediate Consumption - Feeding Stuffs,2017,State,Euro Million,1324.253332
Intermediate Consumption - Feeding Stuffs,2018,State,Euro Million,1674.563611
Intermediate Consumption - Feeding Stuffs,2019,State,Euro Million,1489.925403
Intermediate Consumption - Feeding Stuffs,2020,State,Euro Million,1474.441527
Intermediate Consumption - Feeding Stuffs,2021,State,Euro Million,1757.961086
Intermediate Consumption - Feeding Stuffs,2022,State,Euro Million,2288.026589
Intermediate Consumption - Feeding Stuffs,2023,State,Euro Million,2263.834806
Intermediate Consumption - Feeding Stuffs,2024,State,Euro Million,2116.283649
Intermediate Consumption - Feeding Stuffs,2025,State,Euro Million,2189.648927
Intermediate Consumption - Fertilisers,2000,State,Euro Million,338.7
Intermediate Consumption - Fertilisers,2001,State,Euro Million,350.7
Intermediate Consumption - Fertilisers,2002,State,Euro Million,341.4
Intermediate Consumption - Fertilisers,2003,State,Euro Million,371.3
Intermediate Consumption - Fertilisers,2004,State,Euro Million,358.0
Intermediate Consumption - Fertilisers,2005,State,Euro Million,363.0
Intermediate Consumption - Fertilisers,2006,State,Euro Million,379.2
Intermediate Consumption - Fertilisers,2007,State,Euro Million,360.1
Intermediate Consumption - Fertilisers,2008,State,Euro Million,517.2
Intermediate Consumption - Fertilisers,2009,State,Euro Million,420.6
Intermediate Consumption - Fertilisers,2010,State,Euro Million,450.3
Intermediate Consumption - Fertilisers,2011,State,Euro Million,493.7
Intermediate Consumption - Fertilisers,2012,State,Euro Million,492.0
Intermediate Consumption - Fertilisers,2013,State,Euro Million,613.9
Intermediate Consumption - Fertilisers,2014,State,Euro Million,565.6
Intermediate Consumption - Fertilisers,2015,State,Euro Million,565.1
Intermediate Consumption - Fertilisers,2016,State,Euro Million,510.8
Intermediate Consumption - Fertilisers,2017,State,Euro Million,512.9588815
Intermediate Consumption - Fertilisers,2018,State,Euro Million,582.147026
Intermediate Consumption - Fertilisers,2019,State,Euro Million,578.3367446
Intermediate Consumption - Fertilisers,2020,State,Euro Million,534.3395917
Intermediate Consumption - Fertilisers,2021,State,Euro Million,607.824206
Intermediate Consumption - Fertilisers,2022,State,Euro Million,1217.774537
Intermediate Consumption - Fertilisers,2023,State,Euro Million,817.3720483
Intermediate Consumption - Fertilisers,2024,State,Euro Million,601.4607261
Intermediate Consumption - Fertilisers,2025,State,Euro Million,733.3734108
Intermediate Consumption - Financial Intermediation Services Indirect,2000,State,Euro Million,64.0
Intermediate Consumption - Financial Intermediation Services Indirect,2001,State,Euro Million,65.0
Intermediate Consumption - Financial Intermediation Services Indirect,2002,State,Euro Million,61.0
Intermediate Consumption - Financial Intermediation Services Indirect,2003,State,Euro Million,68.0
Intermediate Consumption - Financial Intermediation Services Indirect,2004,State,Euro Million,83.0
Intermediate Consumption - Financial Intermediation Services Indirect,2005,State,Euro Million,91.0
Intermediate Consumption - Financial Intermediation Services Indirect,2006,State,Euro Million,110.0
Intermediate Consumption - Financial Intermediation Services Indirect,2007,State,Euro Million,111.0
Intermediate Consumption - Financial Intermediation Services Indirect,2008,State,Euro Million,124.0
Intermediate Consumption - Financial Intermediation Services Indirect,2009,State,Euro Million,87.0
Intermediate Consumption - Financial Intermediation Services Indirect,2010,State,Euro Million,53.0
Intermediate Consumption - Financial Intermediation Services Indirect,2011,State,Euro Million,62.8
Intermediate Consumption - Financial Intermediation Services Indirect,2012,State,Euro Million,58.0
Intermediate Consumption - Financial Intermediation Services Indirect,2013,State,Euro Million,52.7
Intermediate Consumption - Financial Intermediation Services Indirect,2014,State,Euro Million,59.1
Intermediate Consumption - Financial Intermediation Services Indirect,2015,State,Euro Million,116.5
Intermediate Consumption - Financial Intermediation Services Indirect,2016,State,Euro Million,157.6
Intermediate Consumption - Financial Intermediation Services Indirect,2017,State,Euro Million,127.4186703
Intermediate Consumption - Financial Intermediation Services Indirect,2018,State,Euro Million,132.6785209
Intermediate Consumption - Financial Intermediation Services Indirect,2019,State,Euro Million,134.5733715
Intermediate Consumption - Financial Intermediation Services Indirect,2020,State,Euro Million,94.3394873
Intermediate Consumption - Financial Intermediation Services Indirect,2021,State,Euro Million,92.01262565
Intermediate Consumption - Financial Intermediation Services Indirect,2022,State,Euro Million,99.84219233
Intermediate Consumption - Financial Intermediation Services Indirect,2023,State,Euro Million,118.2351487
Intermediate Consumption - Financial Intermediation Services Indirect,2024,State,Euro Million,136.2287081
Intermediate Consumption - Seeds,2000,State,Euro Million,59.7
Intermediate Consumption - Seeds,2001,State,Euro Million,73.3
Intermediate Consumption - Seeds,2002,State,Euro Million,74.3
Intermediate Consumption - Seeds,2003,State,Euro Million,81.4
Intermediate Consumption - Seeds,2004,State,Euro Million,84.3
Intermediate Consumption - Seeds,2005,State,Euro Million,85.5
Intermediate Consumption - Seeds,2006,State,Euro Million,92.6
Intermediate Consumption - Seeds,2007,State,Euro Million,105.6
Intermediate Consumption - Seeds,2008,State,Euro Million,110.5
Intermediate Consumption - Seeds,2009,State,Euro Million,86.7
Intermediate Consumption - Seeds,2010,State,Euro Million,51.7
Intermediate Consumption - Seeds,2011,State,Euro Million,56.3
Intermediate Consumption - Seeds,2012,State,Euro Million,63.6
Intermediate Consumption - Seeds,2013,State,Euro Million,75.5
Intermediate Consumption - Seeds,2014,State,Euro Million,67.2
Intermediate Consumption - Seeds,2015,State,Euro Million,68.3
Intermediate Consumption - Seeds,2016,State,Euro Million,70.2
Intermediate Consumption - Seeds,2017,State,Euro Million,67.43129784
Intermediate Consumption - Seeds,2018,State,Euro Million,74.56784776
Intermediate Consumption - Seeds,2019,State,Euro Million,78.45341555
Intermediate Consumption - Seeds,2020,State,Euro Million,80.89164483
Intermediate Consumption - Seeds,2021,State,Euro Million,85.16712852
Intermediate Consumption - Seeds,2022,State,Euro Million,98.57085075
Intermediate Consumption - Seeds,2023,State,Euro Million,126.6724655
Intermediate Consumption - Seeds,2024,State,Euro Million,117.5809322
Intermediate Consumption - Energy and Lubricants,2000,State,Euro Million,217.7
Intermediate Consumption - Energy and Lubricants,2001,State,Euro Million,242.8
Intermediate Consumption - Energy and Lubricants,2002,State,Euro Million,221.5
Intermediate Consumption - Energy and Lubricants,2003,State,Euro Million,227.7
Intermediate Consumption - Energy and Lubricants,2004,State,Euro Million,237.6
Intermediate Consumption - Energy and Lubricants,2005,State,Euro Million,300.3
Intermediate Consumption - Energy and Lubricants,2006,State,Euro Million,329.8
Intermediate Consumption - Energy and Lubricants,2007,State,Euro Million,347.8
Intermediate Consumption - Energy and Lubricants,2008,State,Euro Million,379.3
Intermediate Consumption - Energy and Lubricants,2009,State,Euro Million,340.0
Intermediate Consumption - Energy and Lubricants,2010,State,Euro Million,371.0
Intermediate Consumption - Energy and Lubricants,2011,State,Euro Million,425.5
Intermediate Consumption - Energy and Lubricants,2012,State,Euro Million,443.2
Intermediate Consumption - Energy and Lubricants,2013,State,Euro Million,452.6
Intermediate Consumption - Energy and Lubricants,2014,State,Euro Million,455.0
Intermediate Consumption - Energy and Lubricants,2015,State,Euro Million,396.6
Intermediate Consumption - Energy and Lubricants,2016,State,Euro Million,377.6
Intermediate Consumption - Energy and Lubricants,2017,State,Euro Million,387.0786718
Intermediate Consumption - Energy and Lubricants,2018,State,Euro Million,417.1018665
Intermediate Consumption - Energy and Lubricants,2019,State,Euro Million,429.082087
Intermediate Consumption - Energy and Lubricants,2020,State,Euro Million,376.9920438
Intermediate Consumption - Energy and Lubricants,2021,State,Euro Million,461.190251
Intermediate Consumption - Energy and Lubricants,2022,State,Euro Million,634.0766135
Intermediate Consumption - Energy and Lubricants,2023,State,Euro Million,639.1532844
Intermediate Consumption - Energy and Lubricants,2024,State,Euro Million,608.9270618
Intermediate Consumption - Energy and Lubricants,2025,State,Euro Million,602.1545029
Intermediate Consumption - Maintenance and Repairs,2000,State,Euro Million,290.5
Intermediate Consumption - Maintenance and Repairs,2001,State,Euro Million,333.0
Intermediate Consumption - Maintenance and Repairs,2002,State,Euro Million,306.8
Intermediate Consumption - Maintenance and Repairs,2003,State,Euro Million,325.1
Intermediate Consumption - Maintenance and Repairs,2004,State,Euro Million,327.2
Intermediate Consumption - Maintenance and Repairs,2005,State,Euro Million,369.4
Intermediate Consumption - Maintenance and Repairs,2006,State,Euro Million,377.7
Intermediate Consumption - Maintenance and Repairs,2007,State,Euro Million,393.3
Intermediate Consumption - Maintenance and Repairs,2008,State,Euro Million,400.5
Intermediate Consumption - Maintenance and Repairs,2009,State,Euro Million,399.7
Intermediate Consumption - Maintenance and Repairs,2010,State,Euro Million,418.5
Intermediate Consumption - Maintenance and Repairs,2011,State,Euro Million,428.3
Intermediate Consumption - Maintenance and Repairs,2012,State,Euro Million,445.8
Intermediate Consumption - Maintenance and Repairs,2013,State,Euro Million,441.4
Intermediate Consumption - Maintenance and Repairs,2014,State,Euro Million,452.3
Intermediate Consumption - Maintenance and Repairs,2015,State,Euro Million,431.0
Intermediate Consumption - Maintenance and Repairs,2016,State,Euro Million,451.4
Intermediate Consumption - Maintenance and Repairs,2017,State,Euro Million,470.2750595
Intermediate Consumption - Maintenance and Repairs,2018,State,Euro Million,464.9539866
Intermediate Consumption - Maintenance and Repairs,2019,State,Euro Million,477.1507722
Intermediate Consumption - Maintenance and Repairs,2020,State,Euro Million,522.5136417
Intermediate Consumption - Maintenance and Repairs,2021,State,Euro Million,546.808896
Intermediate Consumption - Maintenance and Repairs,2022,State,Euro Million,603.134981
Intermediate Consumption - Maintenance and Repairs,2023,State,Euro Million,635.9107658
Intermediate Consumption - Maintenance and Repairs,2024,State,Euro Million,619.8702657
Intermediate Consumption - Other Goods and Services,2000,State,Euro Million,283.9
Intermediate Consumption - Other Goods and Services,2001,State,Euro Million,318.8
Intermediate Consumption - Other Goods and Services,2002,State,Euro Million,321.8
Intermediate Consumption - Other Goods and Services,2003,State,Euro Million,325.6
Intermediate Consumption - Other Goods and Services,2004,State,Euro Million,319.9
Intermediate Consumption - Other Goods and Services,2005,State,Euro Million,357.9
Intermediate Consumption - Other Goods and Services,2006,State,Euro Million,361.8
Intermediate Consumption - Other Goods and Services,2007,State,Euro Million,370.6
Intermediate Consumption - Other Goods and Services,2008,State,Euro Million,386.8
Intermediate Consumption - Other Goods and Services,2009,State,Euro Million,416.3
Intermediate Consumption - Other Goods and Services,2010,State,Euro Million,440.0
Intermediate Consumption - Other Goods and Services,2011,State,Euro Million,450.7
Intermediate Consumption - Other Goods and Services,2012,State,Euro Million,444.4
Intermediate Consumption - Other Goods and Services,2013,State,Euro Million,453.5
Intermediate Consumption - Other Goods and Services,2014,State,Euro Million,473.1
Intermediate Consumption - Other Goods and Services,2015,State,Euro Million,482.0
Intermediate Consumption - Other Goods and Services,2016,State,Euro Million,512.1
Intermediate Consumption - Other Goods and Services,2017,State,Euro Million,514.3547877
Intermediate Consumption - Other Goods and Services,2018,State,Euro Million,512.4464261
Intermediate Consumption - Other Goods and Services,2019,State,Euro Million,547.3511819
Intermediate Consumption - Other Goods and Services,2020,State,Euro Million,509.4101054
Intermediate Consumption - Other Goods and Services,2021,State,Euro Million,549.7417546
Intermediate Consumption - Other Goods and Services,2022,State,Euro Million,612.7206691
Intermediate Consumption - Other Goods and Services,2023,State,Euro Million,643.9101436
Intermediate Consumption - Other Goods and Services,2024,State,Euro Million,642.4487904
"Intermediate Consumption - Other Goods (Detergents, Small Tools, etc)",2000,State,Euro Million,108.1
"Intermediate Consumption - Other Goods (Detergents, Small Tools, etc)",2001,State,Euro Million,118.6
"Intermediate Consumption - Other Goods (Detergents, Small Tools, etc)",2002,State,Euro Million,111.6
"Intermediate Consumption - Other Goods (Detergents, Small Tools, etc)",2003,State,Euro Million,112.8
"Intermediate Consumption - Other Goods (Detergents, Small Tools, etc)",2004,State,Euro Million,114.2
Intermediate Consumption - Services,2000,State,Euro Million,175.8
Intermediate Consumption - Services,2001,State,Euro Million,200.2
Intermediate Consumption - Services,2002,State,Euro Million,210.2
Intermediate Consumption - Services,2003,State,Euro Million,212.8
Intermediate Consumption - Services,2004,State,Euro Million,205.7
Intermediate Consumption - Crop Protection Products,2000,State,Euro Million,67.4
Intermediate Consumption - Crop Protection Products,2001,State,Euro Million,60.5
Intermediate Consumption - Crop Protection Products,2002,State,Euro Million,73.0
Intermediate Consumption - Crop Protection Products,2003,State,Euro Million,65.1
Intermediate Consumption - Crop Protection Products,2004,State,Euro Million,64.6
Intermediate Consumption - Crop Protection Products,2005,State,Euro Million,55.9
Intermediate Consumption - Crop Protection Products,2006,State,Euro Million,46.4
Intermediate Consumption - Crop Protection Products,2007,State,Euro Million,50.9
Intermediate Consumption - Crop Protection Products,2008,State,Euro Million,56.7
Intermediate Consumption - Crop Protection Products,2009,State,Euro Million,47.6
Intermediate Consumption - Crop Protection Products,2010,State,Euro Million,54.1
Intermediate Consumption - Crop Protection Products,2011,State,Euro Million,58.3
Intermediate Consumption - Crop Protection Products,2012,State,Euro Million,66.2
Intermediate Consumption - Crop Protection Products,2013,State,Euro Million,59.0
Intermediate Consumption - Crop Protection Products,2014,State,Euro Million,69.2
Intermediate Consumption - Crop Protection Products,2015,State,Euro Million,74.8
Intermediate Consumption - Crop Protection Products,2016,State,Euro Million,68.8
Intermediate Consumption - Crop Protection Products,2017,State,Euro Million,83.67391548
Intermediate Consumption - Crop Protection Products,2018,State,Euro Million,85.37335645
Intermediate Consumption - Crop Protection Products,2019,State,Euro Million,82.75826485
Intermediate Consumption - Crop Protection Products,2020,State,Euro Million,79.07085694
Intermediate Consumption - Crop Protection Products,2021,State,Euro Million,99.27921224
Intermediate Consumption - Crop Protection Products,2022,State,Euro Million,116.2443272
Intermediate Consumption - Crop Protection Products,2023,State,Euro Million,117.8665518
Intermediate Consumption - Crop Protection Products,2024,State,Euro Million,100.0208458
Intermediate Consumption - Veterinary Expenses,2000,State,Euro Million,159.4
Intermediate Consumption - Veterinary Expenses,2001,State,Euro Million,181.2
Intermediate Consumption - Veterinary Expenses,2002,State,Euro Million,189.8
Intermediate Consumption - Veterinary Expenses,2003,State,Euro Million,194.9
Intermediate Consumption - Veterinary Expenses,2004,State,Euro Million,196.1
Intermediate Consumption - Veterinary Expenses,2005,State,Euro Million,209.5
Intermediate Consumption - Veterinary Expenses,2006,State,Euro Million,220.5
Intermediate Consumption - Veterinary Expenses,2007,State,Euro Million,225.5
Intermediate Consumption - Veterinary Expenses,2008,State,Euro Million,224.2
Intermediate Consumption - Veterinary Expenses,2009,State,Euro Million,237.0
Intermediate Consumption - Veterinary Expenses,2010,State,Euro Million,232.7
Intermediate Consumption - Veterinary Expenses,2011,State,Euro Million,250.9
Intermediate Consumption - Veterinary Expenses,2012,State,Euro Million,282.6
Intermediate Consumption - Veterinary Expenses,2013,State,Euro Million,285.1
Intermediate Consumption - Veterinary Expenses,2014,State,Euro Million,286.0
Intermediate Consumption - Veterinary Expenses,2015,State,Euro Million,268.9
Intermediate Consumption - Veterinary Expenses,2016,State,Euro Million,289.9
Intermediate Consumption - Veterinary Expenses,2017,State,Euro Million,301.5179916
Intermediate Consumption - Veterinary Expenses,2018,State,Euro Million,306.0022268
Intermediate Consumption - Veterinary Expenses,2019,State,Euro Million,303.8419693
Intermediate Consumption - Veterinary Expenses,2020,State,Euro Million,325.4167597
Intermediate Consumption - Veterinary Expenses,2021,State,Euro Million,355.7360669
Intermediate Consumption - Veterinary Expenses,2022,State,Euro Million,352.2740264
Intermediate Consumption - Veterinary Expenses,2023,State,Euro Million,391.0452871
Intermediate Consumption - Veterinary Expenses,2024,State,Euro Million,393.4082825
Intermediate Consumption - Forage Plants,2000,State,Euro Million,638.5
Intermediate Consumption - Forage Plants,2001,State,Euro Million,683.0
Intermediate Consumption - Forage Plants,2002,State,Euro Million,619.3
Intermediate Consumption - Forage Plants,2003,State,Euro Million,635.0
Intermediate Consumption - Forage Plants,2004,State,Euro Million,680.5
Intermediate Consumption - Forage Plants,2005,State,Euro Million,777.0
Intermediate Consumption - Forage Plants,2006,State,Euro Million,862.8
Intermediate Consumption - Forage Plants,2007,State,Euro Million,947.9
Intermediate Consumption - Forage Plants,2008,State,Euro Million,1035.5
Intermediate Consumption - Forage Plants,2009,State,Euro Million,838.3
Intermediate Consumption - Forage Plants,2010,State,Euro Million,1041.0
Intermediate Consumption - Forage Plants,2011,State,Euro Million,1002.7
Intermediate Consumption - Forage Plants,2012,State,Euro Million,1006.0
Intermediate Consumption - Forage Plants,2013,State,Euro Million,1288.0
Intermediate Consumption - Forage Plants,2014,State,Euro Million,1037.1
Intermediate Consumption - Forage Plants,2015,State,Euro Million,1001.1
Intermediate Consumption - Forage Plants,2016,State,Euro Million,1046.4
Intermediate Consumption - Forage Plants,2017,State,Euro Million,1166.877732
Intermediate Consumption - Forage Plants,2018,State,Euro Million,1331.568325
Intermediate Consumption - Forage Plants,2019,State,Euro Million,1031.676049
Intermediate Consumption - Forage Plants,2020,State,Euro Million,1134.443665
Intermediate Consumption - Forage Plants,2021,State,Euro Million,1108.889436
Intermediate Consumption - Forage Plants,2022,State,Euro Million,1306.77226
Intermediate Consumption - Forage Plants,2023,State,Euro Million,1612.551915
Intermediate Consumption - Forage Plants,2024,State,Euro Million,1683.718399
Intermediate Consumption - Forage Plants,2025,State,Euro Million,1646.995111
Intermediate Consumption - Contract Work,2000,State,Euro Million,258.1
Intermediate Consumption - Contract Work,2001,State,Euro Million,279.3
Intermediate Consumption - Contract Work,2002,State,Euro Million,248.3
Intermediate Consumption - Contract Work,2003,State,Euro Million,247.9
Intermediate Consumption - Contract Work,2004,State,Euro Million,261.1
Intermediate Consumption - Contract Work,2005,State,Euro Million,270.1
Intermediate Consumption - Contract Work,2006,State,Euro Million,271.5
Intermediate Consumption - Contract Work,2007,State,Euro Million,288.3
Intermediate Consumption - Contract Work,2008,State,Euro Million,281.0
Intermediate Consumption - Contract Work,2009,State,Euro Million,268.7
Intermediate Consumption - Contract Work,2010,State,Euro Million,319.1
Intermediate Consumption - Contract Work,2011,State,Euro Million,335.4
Intermediate Consumption - Contract Work,2012,State,Euro Million,323.8
Intermediate Consumption - Contract Work,2013,State,Euro Million,365.8
Intermediate Consumption - Contract Work,2014,State,Euro Million,358.7
Intermediate Consumption - Contract Work,2015,State,Euro Million,348.0
Intermediate Consumption - Contract Work,2016,State,Euro Million,371.7
Intermediate Consumption - Contract Work,2017,State,Euro Million,375.7040065
Intermediate Consumption - Contract Work,2018,State,Euro Million,443.965729
Intermediate Consumption - Contract Work,2019,State,Euro Million,443.9723853
Intermediate Consumption - Contract Work,2020,State,Euro Million,430.7813202
Intermediate Consumption - Contract Work,2021,State,Euro Million,464.3954285
Intermediate Consumption - Contract Work,2022,State,Euro Million,573.4945777
Intermediate Consumption - Contract Work,2023,State,Euro Million,605.3901405
Intermediate Consumption - Contract Work,2024,State,Euro Million,662.0959672
Intermediate Consumption - Contract Work,2025,State,Euro Million,680.5565261
Gross Value Added at Basic Prices,2000,State,Euro Million,2778.0
Gross Value Added at Basic Prices,2001,State,Euro Million,2597.4
Gross Value Added at Basic Prices,2002,State,Euro Million,2422.9
Gross Value Added at Basic Prices,2003,State,Euro Million,2514.4
Gross Value Added at Basic Prices,2004,State,Euro Million,2640.9
Gross Value Added at Basic Prices,2005,State,Euro Million,1966.0
Gross Value Added at Basic Prices,2006,State,Euro Million,1452.0
Gross Value Added at Basic Prices,2007,State,Euro Million,1749.8
Gross Value Added at Basic Prices,2008,State,Euro Million,1443.0
Gross Value Added at Basic Prices,2009,State,Euro Million,823.4
Gross Value Added at Basic Prices,2010,State,Euro Million,1388.8
Gross Value Added at Basic Prices,2011,State,Euro Million,1869.4
Gross Value Added at Basic Prices,2012,State,Euro Million,1783.5
Gross Value Added at Basic Prices,2013,State,Euro Million,2001.6
Gross Value Added at Basic Prices,2014,State,Euro Million,2174.1
Gross Value Added at Basic Prices,2015,State,Euro Million,2471.6
Gross Value Added at Basic Prices,2016,State,Euro Million,2359.1
Gross Value Added at Basic Prices,2017,State,Euro Million,3201.668198
Gross Value Added at Basic Prices,2018,State,Euro Million,2632.240498
Gross Value Added at Basic Prices,2019,State,Euro Million,2901.118616
Gross Value Added at Basic Prices,2020,State,Euro Million,3368.263573
Gross Value Added at Basic Prices,2021,State,Euro Million,4004.230889
Gross Value Added at Basic Prices,2022,State,Euro Million,5017.628651
Gross Value Added at Basic Prices,2023,State,Euro Million,3472.527897
Gross Value Added at Basic Prices,2024,State,Euro Million,4774.758951
Gross Value Added at Basic Prices,2025,State,Euro Million,6105.906513
Fixed Capital Consumption,2000,State,Euro Million,589.6
Fixed Capital Consumption,2001,State,Euro Million,617.8
Fixed Capital Consumption,2002,State,Euro Million,636.1
Fixed Capital Consumption,2003,State,Euro Million,639.8
Fixed Capital Consumption,2004,State,Euro Million,651.9
Fixed Capital Consumption,2005,State,Euro Million,647.6
Fixed Capital Consumption,2006,State,Euro Million,668.0
Fixed Capital Consumption,2007,State,Euro Million,704.0
Fixed Capital Consumption,2008,State,Euro Million,769.4
Fixed Capital Consumption,2009,State,Euro Million,779.6
Fixed Capital Consumption,2010,State,Euro Million,733.9
Fixed Capital Consumption,2011,State,Euro Million,709.9
Fixed Capital Consumption,2012,State,Euro Million,716.8
Fixed Capital Consumption,2013,State,Euro Million,711.9
Fixed Capital Consumption,2014,State,Euro Million,763.0
Fixed Capital Consumption,2015,State,Euro Million,805.3
Fixed Capital Consumption,2016,State,Euro Million,813.5
Fixed Capital Consumption,2017,State,Euro Million,849.1747591
Fixed Capital Consumption,2018,State,Euro Million,913.6845275
Fixed Capital Consumption,2019,State,Euro Million,972.9384439
Fixed Capital Consumption,2020,State,Euro Million,992.1623976
Fixed Capital Consumption,2021,State,Euro Million,1087.926866
Fixed Capital Consumption,2022,State,Euro Million,1217.135197
Fixed Capital Consumption,2023,State,Euro Million,1265.468712
Fixed Capital Consumption,2024,State,Euro Million,1289.865312
Fixed Capital Consumption,2025,State,Euro Million,1289.865312
"Fixed Capital Consumption - Machinery, Equipment, etc",2000,State,Euro Million,422.3
"Fixed Capital Consumption - Machinery, Equipment, etc",2001,State,Euro Million,430.0
"Fixed Capital Consumption - Machinery, Equipment, etc",2002,State,Euro Million,438.4
"Fixed Capital Consumption - Machinery, Equipment, etc",2003,State,Euro Million,440.6
"Fixed Capital Consumption - Machinery, Equipment, etc",2004,State,Euro Million,442.5
"Fixed Capital Consumption - Machinery, Equipment, etc",2005,State,Euro Million,430.8
"Fixed Capital Consumption - Machinery, Equipment, etc",2006,State,Euro Million,440.0
"Fixed Capital Consumption - Machinery, Equipment, etc",2007,State,Euro Million,458.2
"Fixed Capital Consumption - Machinery, Equipment, etc",2008,State,Euro Million,491.1
"Fixed Capital Consumption - Machinery, Equipment, etc",2009,State,Euro Million,489.2
"Fixed Capital Consumption - Machinery, Equipment, etc",2010,State,Euro Million,411.9
"Fixed Capital Consumption - Machinery, Equipment, etc",2011,State,Euro Million,393.4
"Fixed Capital Consumption - Machinery, Equipment, etc",2012,State,Euro Million,394.9
"Fixed Capital Consumption - Machinery, Equipment, etc",2013,State,Euro Million,383.6
"Fixed Capital Consumption - Machinery, Equipment, etc",2014,State,Euro Million,417.5
"Fixed Capital Consumption - Machinery, Equipment, etc",2015,State,Euro Million,441.6
"Fixed Capital Consumption - Machinery, Equipment, etc",2016,State,Euro Million,424.7
"Fixed Capital Consumption - Machinery, Equipment, etc",2017,State,Euro Million,438.330437
"Fixed Capital Consumption - Machinery, Equipment, etc",2018,State,Euro Million,465.4937728
"Fixed Capital Consumption - Machinery, Equipment, etc",2019,State,Euro Million,491.0817038
"Fixed Capital Consumption - Machinery, Equipment, etc",2020,State,Euro Million,503.0093447
"Fixed Capital Consumption - Machinery, Equipment, etc",2021,State,Euro Million,544.2245185
"Fixed Capital Consumption - Machinery, Equipment, etc",2022,State,Euro Million,603.7806708
"Fixed Capital Consumption - Machinery, Equipment, etc",2023,State,Euro Million,640.1040803
"Fixed Capital Consumption - Machinery, Equipment, etc",2024,State,Euro Million,658.3857585
Fixed Capital Consumption - Farm Buildings,2000,State,Euro Million,167.3
Fixed Capital Consumption - Farm Buildings,2001,State,Euro Million,187.8
Fixed Capital Consumption - Farm Buildings,2002,State,Euro Million,197.7
Fixed Capital Consumption - Farm Buildings,2003,State,Euro Million,199.2
Fixed Capital Consumption - Farm Buildings,2004,State,Euro Million,209.3
Fixed Capital Consumption - Farm Buildings,2005,State,Euro Million,216.8
Fixed Capital Consumption - Farm Buildings,2006,State,Euro Million,228.0
Fixed Capital Consumption - Farm Buildings,2007,State,Euro Million,245.8
Fixed Capital Consumption - Farm Buildings,2008,State,Euro Million,278.3
Fixed Capital Consumption - Farm Buildings,2009,State,Euro Million,290.4
Fixed Capital Consumption - Farm Buildings,2010,State,Euro Million,322.0
Fixed Capital Consumption - Farm Buildings,2011,State,Euro Million,316.5
Fixed Capital Consumption - Farm Buildings,2012,State,Euro Million,321.9
Fixed Capital Consumption - Farm Buildings,2013,State,Euro Million,328.3
Fixed Capital Consumption - Farm Buildings,2014,State,Euro Million,345.4
Fixed Capital Consumption - Farm Buildings,2015,State,Euro Million,363.8
Fixed Capital Consumption - Farm Buildings,2016,State,Euro Million,388.7
Fixed Capital Consumption - Farm Buildings,2017,State,Euro Million,410.8443221
Fixed Capital Consumption - Farm Buildings,2018,State,Euro Million,448.1907547
Fixed Capital Consumption - Farm Buildings,2019,State,Euro Million,481.8567401
Fixed Capital Consumption - Farm Buildings,2020,State,Euro Million,489.1530529
Fixed Capital Consumption - Farm Buildings,2021,State,Euro Million,543.7023471
Fixed Capital Consumption - Farm Buildings,2022,State,Euro Million,613.3545264
Fixed Capital Consumption - Farm Buildings,2023,State,Euro Million,625.3646315
Fixed Capital Consumption - Farm Buildings,2024,State,Euro Million,631.4795537
Net Value Added at Basic Prices,2000,State,Euro Million,2188.4
Net Value Added at Basic Prices,2001,State,Euro Million,1979.6
Net Value Added at Basic Prices,2002,State,Euro Million,1786.8
Net Value Added at Basic Prices,2003,State,Euro Million,1874.6
Net Value Added at Basic Prices,2004,State,Euro Million,1989.0
Net Value Added at Basic Prices,2005,State,Euro Million,1318.4
Net Value Added at Basic Prices,2006,State,Euro Million,784.0
Net Value Added at Basic Prices,2007,State,Euro Million,1045.8
Net Value Added at Basic Prices,2008,State,Euro Million,673.6
Net Value Added at Basic Prices,2009,State,Euro Million,43.8
Net Value Added at Basic Prices,2010,State,Euro Million,654.9
Net Value Added at Basic Prices,2011,State,Euro Million,1159.5
Net Value Added at Basic Prices,2012,State,Euro Million,1066.7
Net Value Added at Basic Prices,2013,State,Euro Million,1289.7
Net Value Added at Basic Prices,2014,State,Euro Million,1411.1
Net Value Added at Basic Prices,2015,State,Euro Million,1666.3
Net Value Added at Basic Prices,2016,State,Euro Million,1545.6
Net Value Added at Basic Prices,2017,State,Euro Million,2352.493439
Net Value Added at Basic Prices,2018,State,Euro Million,1718.555971
Net Value Added at Basic Prices,2019,State,Euro Million,1928.180172
Net Value Added at Basic Prices,2020,State,Euro Million,2376.101176
Net Value Added at Basic Prices,2021,State,Euro Million,2916.304023
Net Value Added at Basic Prices,2022,State,Euro Million,3800.493454
Net Value Added at Basic Prices,2023,State,Euro Million,2207.059185
Net Value Added at Basic Prices,2024,State,Euro Million,3484.893639
Net Value Added at Basic Prices,2025,State,Euro Million,4816.041201
Other Subsidies Less Taxes on Production,2000,State,Euro Million,356.5
Other Subsidies Less Taxes on Production,2001,State,Euro Million,569.0
Other Subsidies Less Taxes on Production,2002,State,Euro Million,616.1
Other Subsidies Less Taxes on Production,2003,State,Euro Million,577.2
Other Subsidies Less Taxes on Production,2004,State,Euro Million,592.4
Other Subsidies Less Taxes on Production,2005,State,Euro Million,1680.5
Other Subsidies Less Taxes on Production,2006,State,Euro Million,1826.9
Other Subsidies Less Taxes on Production,2007,State,Euro Million,1844.9
Other Subsidies Less Taxes on Production,2008,State,Euro Million,1880.9
Other Subsidies Less Taxes on Production,2009,State,Euro Million,1812.9
Other Subsidies Less Taxes on Production,2010,State,Euro Million,1651.3
Other Subsidies Less Taxes on Production,2011,State,Euro Million,1831.7
Other Subsidies Less Taxes on Production,2012,State,Euro Million,1682.0
Other Subsidies Less Taxes on Production,2013,State,Euro Million,1557.6
Other Subsidies Less Taxes on Production,2014,State,Euro Million,1525.8
Other Subsidies Less Taxes on Production,2015,State,Euro Million,1409.9
Other Subsidies Less Taxes on Production,2016,State,Euro Million,1593.4
Other Subsidies Less Taxes on Production,2017,State,Euro Million,1638.990695
Other Subsidies Less Taxes on Production,2018,State,Euro Million,1683.776104
Other Subsidies Less Taxes on Production,2019,State,Euro Million,1636.08575
Other Subsidies Less Taxes on Production,2020,State,Euro Million,1668.506161
Other Subsidies Less Taxes on Production,2021,State,Euro Million,1680.319292
Other Subsidies Less Taxes on Production,2022,State,Euro Million,1914.999678
Other Subsidies Less Taxes on Production,2023,State,Euro Million,1609.367319
Other Subsidies Less Taxes on Production,2024,State,Euro Million,1991.629304
Other Subsidies Less Taxes on Production,2025,State,Euro Million,2003.914163
Factor Income,2000,State,Euro Million,2545.0
Factor Income,2001,State,Euro Million,2548.6
Factor Income,2002,State,Euro Million,2402.9
Factor Income,2003,State,Euro Million,2451.8
Factor Income,2004,State,Euro Million,2581.4
Factor Income,2005,State,Euro Million,2999.0
Factor Income,2006,State,Euro Million,2610.9
Factor Income,2007,State,Euro Million,2890.6
Factor Income,2008,State,Euro Million,2554.5
Factor Income,2009,State,Euro Million,1856.7
Factor Income,2010,State,Euro Million,2306.2
Factor Income,2011,State,Euro Million,2991.2
Factor Income,2012,State,Euro Million,2748.7
Factor Income,2013,State,Euro Million,2847.3
Factor Income,2014,State,Euro Million,2936.9
Factor Income,2015,State,Euro Million,3076.2
Factor Income,2016,State,Euro Million,3139.0
Factor Income,2017,State,Euro Million,3991.484134
Factor Income,2018,State,Euro Million,3402.332074
Factor Income,2019,State,Euro Million,3564.265922
Factor Income,2020,State,Euro Million,4044.607337
Factor Income,2021,State,Euro Million,4596.623315
Factor Income,2022,State,Euro Million,5715.493132
Factor Income,2023,State,Euro Million,3816.426505
Factor Income,2024,State,Euro Million,5476.522943
Factor Income,2025,State,Euro Million,6819.955363
Compensation of Employees,2000,State,Euro Million,381.9
Compensation of Employees,2001,State,Euro Million,371.5
Compensation of Employees,2002,State,Euro Million,378.2
Compensation of Employees,2003,State,Euro Million,391.1
Compensation of Employees,2004,State,Euro Million,404.0
Compensation of Employees,2005,State,Euro Million,409.1
Compensation of Employees,2006,State,Euro Million,425.3
Compensation of Employees,2007,State,Euro Million,448.6
Compensation of Employees,2008,State,Euro Million,436.3
Compensation of Employees,2009,State,Euro Million,427.7
Compensation of Employees,2010,State,Euro Million,464.7
Compensation of Employees,2011,State,Euro Million,475.4
Compensation of Employees,2012,State,Euro Million,468.0
Compensation of Employees,2013,State,Euro Million,491.4
Compensation of Employees,2014,State,Euro Million,495.7
Compensation of Employees,2015,State,Euro Million,489.0
Compensation of Employees,2016,State,Euro Million,513.1
Compensation of Employees,2017,State,Euro Million,567.6673005
Compensation of Employees,2018,State,Euro Million,642.5299016
Compensation of Employees,2019,State,Euro Million,701.704934
Compensation of Employees,2020,State,Euro Million,798.6697236
Compensation of Employees,2021,State,Euro Million,875.8897488
Compensation of Employees,2022,State,Euro Million,944.9381191
Compensation of Employees,2023,State,Euro Million,1102.888198
Compensation of Employees,2024,State,Euro Million,1186.420065
Compensation of Employees,2025,State,Euro Million,1282.668802
Operating Surplus,2000,State,Euro Million,2163.0
Operating Surplus,2001,State,Euro Million,2177.1
Operating Surplus,2002,State,Euro Million,2024.8
Operating Surplus,2003,State,Euro Million,2060.7
Operating Surplus,2004,State,Euro Million,2177.4
Operating Surplus,2005,State,Euro Million,2589.9
Operating Surplus,2006,State,Euro Million,2185.6
Operating Surplus,2007,State,Euro Million,2442.0
Operating Surplus,2008,State,Euro Million,2118.3
Operating Surplus,2009,State,Euro Million,1429.0
Operating Surplus,2010,State,Euro Million,1841.5
Operating Surplus,2011,State,Euro Million,2515.8
Operating Surplus,2012,State,Euro Million,2280.7
Operating Surplus,2013,State,Euro Million,2355.9
Operating Surplus,2014,State,Euro Million,2441.2
Operating Surplus,2015,State,Euro Million,2587.2
Operating Surplus,2016,State,Euro Million,2626.0
Operating Surplus,2017,State,Euro Million,3423.816834
Operating Surplus,2018,State,Euro Million,2759.802173
Operating Surplus,2019,State,Euro Million,2862.560988
Operating Surplus,2020,State,Euro Million,3245.937613
Operating Surplus,2021,State,Euro Million,3720.733566
Operating Surplus,2022,State,Euro Million,4770.555013
Operating Surplus,2023,State,Euro Million,2713.538307
Operating Surplus,2024,State,Euro Million,4290.102878
Operating Surplus,2025,State,Euro Million,5537.286561
Interest less FISIM,2000,State,Euro Million,208.2
Interest less FISIM,2001,State,Euro Million,190.3
Interest less FISIM,2002,State,Euro Million,204.1
Interest less FISIM,2003,State,Euro Million,189.5
Interest less FISIM,2004,State,Euro Million,195.5
Interest less FISIM,2005,State,Euro Million,211.4
Interest less FISIM,2006,State,Euro Million,262.6
Interest less FISIM,2007,State,Euro Million,344.8
Interest less FISIM,2008,State,Euro Million,411.3
Interest less FISIM,2009,State,Euro Million,328.7
Interest less FISIM,2010,State,Euro Million,311.5
Interest less FISIM,2011,State,Euro Million,295.1
Interest less FISIM,2012,State,Euro Million,296.0
Interest less FISIM,2013,State,Euro Million,298.3
Interest less FISIM,2014,State,Euro Million,267.1
Interest less FISIM,2015,State,Euro Million,85.1
Interest less FISIM,2016,State,Euro Million,35.7
Interest less FISIM,2017,State,Euro Million,20.04241575
Interest less FISIM,2018,State,Euro Million,22.07977059
Interest less FISIM,2019,State,Euro Million,18.25151726
Interest less FISIM,2020,State,Euro Million,28.95352896
Interest less FISIM,2021,State,Euro Million,36.12922314
Interest less FISIM,2022,State,Euro Million,45.99420729
Interest less FISIM,2023,State,Euro Million,120.1311959
Interest less FISIM,2024,State,Euro Million,182.9646061
Interest less FISIM,2025,State,Euro Million,159.1105706
Net Interest,2020,State,Euro Million,27.55916332
Net Interest,2021,State,Euro Million,35.14710821
Net Interest,2022,State,Euro Million,44.04212423
Net Interest,2023,State,Euro Million,109.8623027
Net Interest,2024,State,Euro Million,160.2359353
Net Interest,2025,State,Euro Million,136.3646584
Land Rental,2000,State,Euro Million,184.3
Land Rental,2001,State,Euro Million,195.9
Land Rental,2002,State,Euro Million,182.3
Land Rental,2003,State,Euro Million,178.7
Land Rental,2004,State,Euro Million,171.8
Land Rental,2005,State,Euro Million,159.5
Land Rental,2006,State,Euro Million,152.8
Land Rental,2007,State,Euro Million,149.1
Land Rental,2008,State,Euro Million,153.0
Land Rental,2009,State,Euro Million,150.7
Land Rental,2010,State,Euro Million,209.3
Land Rental,2011,State,Euro Million,214.1
Land Rental,2012,State,Euro Million,214.0
Land Rental,2013,State,Euro Million,205.7
Land Rental,2014,State,Euro Million,202.1
Land Rental,2015,State,Euro Million,210.8
Land Rental,2016,State,Euro Million,237.6
Land Rental,2017,State,Euro Million,274.2814469
Land Rental,2018,State,Euro Million,317.8102124
Land Rental,2019,State,Euro Million,385.5643306
Land Rental,2020,State,Euro Million,470.0288873
Land Rental,2021,State,Euro Million,502.2550522
Land Rental,2022,State,Euro Million,549.1153987
Land Rental,2023,State,Euro Million,601.8944708
Land Rental,2024,State,Euro Million,657.1282526
Land Rental,2025,State,Euro Million,657.1282526
Entrepreneurial Income,2000,State,Euro Million,1770.7
Entrepreneurial Income,2001,State,Euro Million,1791.0
Entrepreneurial Income,2002,State,Euro Million,1638.3
Entrepreneurial Income,2003,State,Euro Million,1691.9
Entrepreneurial Income,2004,State,Euro Million,1810.1
Entrepreneurial Income,2005,State,Euro Million,2218.9
Entrepreneurial Income,2006,State,Euro Million,1770.2
Entrepreneurial Income,2007,State,Euro Million,1948.1
Entrepreneurial Income,2008,State,Euro Million,1553.9
Entrepreneurial Income,2009,State,Euro Million,949.6
Entrepreneurial Income,2010,State,Euro Million,1320.7
Entrepreneurial Income,2011,State,Euro Million,2006.6
Entrepreneurial Income,2012,State,Euro Million,1770.6
Entrepreneurial Income,2013,State,Euro Million,1851.9
Entrepreneurial Income,2014,State,Euro Million,1972.0
Entrepreneurial Income,2015,State,Euro Million,2291.4
Entrepreneurial Income,2016,State,Euro Million,2352.7
Entrepreneurial Income,2017,State,Euro Million,3129.492971
Entrepreneurial Income,2018,State,Euro Million,2419.91219
Entrepreneurial Income,2019,State,Euro Million,2458.74514
Entrepreneurial Income,2020,State,Euro Million,2748.349562
Entrepreneurial Income,2021,State,Euro Million,3183.331406
Entrepreneurial Income,2022,State,Euro Million,4177.39749
Entrepreneurial Income,2023,State,Euro Million,2001.781533
Entrepreneurial Income,2024,State,Euro Million,3472.73869
Entrepreneurial Income,2025,State,Euro Million,4743.79365
